,Unnamed: 0,sql_id,nl_query,sql,GT_sql,tianyi_code,zhengn_code
0,0,1402,What are the last names for all scholarship students?,SELECT Student.LName FROM Student,SELECT T2.Lname FROM Sportsinfo AS T1 JOIN Student AS T2 ON T1.StuID  =  T2.StuID WHERE T1.onscholarship  =  'Y',"CE2, E1, BL3","F4, CE2"
1,1,1191,Find the name of persons who are friends with Bob.,"SELECT PersonFriend.name FROM Person JOIN PersonFriend ON Person.name = PersonFriend.friend WHERE PersonFriend.name = ""Bob""",SELECT T1.name FROM Person AS T1 JOIN PersonFriend AS T2 ON T1.name  =  T2.name WHERE T2.friend  =  'Bob',"F4, BF4, CE2","CE2, BE5, F4"
2,2,283,"What is the location of the club named ""Tennis Club""?","SELECT Club.ClubLocation FROM Club WHERE Club.ClubName = ""Tennis club""","SELECT clublocation FROM club WHERE clubname  =  ""Tennis Club""","BF4, D1a","BE5, D1a"
3,3,1168,What roles did staff members play between '2003-04-19 15:06:20' and '2016-03-15 00:33:18'?,"SELECT Project_Staff.role_code FROM Project_Staff WHERE Project_Staff.date_from > ""2003-04 03-15 00 : 33 : 18"" AND Project_Staff.role_code = ""2016-04 03-15 00 : 33 : 18""",SELECT role_code FROM Project_Staff WHERE date_from  >  '2003-04-19 15:06:20' AND date_to  <  '2016-03-15 00:33:18',"D1, BF4, D1a","D1, F1, D1a"
4,4,583,What is the average miles per gallon(mpg) of the cars with 4 cylinders?,SELECT AVG(cars_data.Horsepower) FROM cars_data WHERE cars_data.Cylinders = 4,SELECT avg(mpg) FROM CARS_DATA WHERE Cylinders  =  4;,"BL1, D1, BF4","BL1, D1, F1"
5,5,1281,"What are the names of all the players who received a yes during tryouts, and also what are the names of their colleges?","SELECT Player.pName, Tryout.cName FROM Player JOIN Tryout ON Player.pID = Tryout.pID JOIN College ON Tryout.pID = College.cName WHERE Player.yCard = ""yes""","SELECT T1.pName ,  T2.cName FROM player AS T1 JOIN tryout AS T2 ON T1.pID  =  T2.pID WHERE T2.decision  =  'yes'","CE3, BL1, E1, BF4","BL1, E1"
6,6,669,What are the names of tracks that contain the the word you in them?,"SELECT Track.Name FROM Track WHERE Track.Name LIKE ""% you %""",SELECT Name FROM TRACK WHERE Name LIKE '%you%',"CE3, D1c, E1, BF4","D1, E1"
7,7,107,Find the number of schools that have more than one donator whose donation amount is less than 8.5.,"SELECT COUNT(*), endowment.School_id FROM endowment WHERE endowment.amount > 8.5 GROUP BY endowment.School_id HAVING COUNT(*) > 1",SELECT count(*) FROM (SELECT * FROM endowment WHERE amount  >  8.5 GROUP BY school_id HAVING count(*)  >  1),"D1c, BL2","D1, BL2"
8,8,1022,Please show the names and the players of clubs.,"SELECT club.name, player.name FROM club JOIN player ON club.Club_ID = player.Club_ID","SELECT T1.name ,  T2.Player_id FROM club AS T1 JOIN player AS T2 ON T1.Club_ID  =  T2.Club_ID","BL1, BL2","BL1, BL2"
9,9,1065,"What is the id, genre, and name of the artist for every English song ordered by ascending rating?","SELECT song.song_name, song.genre_is, artist.artist_name FROM artist JOIN song ON artist.artist_name = song.f_id WHERE song.languages = ""English"" ORDER BY song.rating","SELECT f_id ,  genre_is ,  artist_name FROM song WHERE languages  =   ""english"" ORDER BY rating","E1, D1a","CL1, BL2, D1a"
10,10,680,"How many customers have email that contains ""gmail.com""?","SELECT COUNT(*) FROM Customer WHERE Customer.Email LIKE ""% gmail.com %""","SELECT COUNT(*) FROM CUSTOMER WHERE Email LIKE ""%gmail.com%""","BL1, D1c, E1, D1a","CL1, D1, D1a"
11,11,623,"What is Weekly Rank of TV series with Episode ""A Love of a Lifetime""?","SELECT TV_series.Weekly_Rank FROM TV_series WHERE TV_series.Episode = ""A Love of A Lifetime""","SELECT Weekly_Rank FROM TV_series WHERE Episode = ""A Love of a Lifetime"";","D1c, D1a","D1, D1a"
12,12,1237,What are the department name and room for the course INTRODUCTION TO COMPUTER SCIENCE?,"SELECT Department.DName, Department.Room FROM Course JOIN Department ON Department.DNO = Course.DNO WHERE Course.CName = ""COMPUTER SCIENCE""","SELECT T2.Dname ,  T2.Room FROM COURSE AS T1 JOIN DEPARTMENT AS T2 ON T1.DNO  =  T2.DNO WHERE T1.CName  =  ""INTRODUCTION TO COMPUTER SCIENCE""","D1c, D1a","D1, D1a"
13,13,1206,Show the names of members and the locations of colleges they go to in ascending alphabetical order of member names.,"SELECT member.Name, college.College_Location FROM member JOIN college ON member.College_ID = college.College_ID ORDER BY college.Name ASC","SELECT T2.Name ,  T1.College_Location FROM college AS T1 JOIN member AS T2 ON T1.College_ID  =  T2.College_ID ORDER BY T2.Name ASC","D1c, K3",D1
14,14,1227,"What are the last names of female students, ordered by age descending?","SELECT Student.LName FROM Student WHERE Student.Sex = ""VALUE"" ORDER BY Student.Age DESC","SELECT LName FROM STUDENT WHERE Sex  =  ""F"" ORDER BY Age DESC","D1, K3",D1
15,15,1044,What is the average rating of songs produced by female artists?,"SELECT AVG(song.rating) FROM artist JOIN song ON artist.artist_name = song.artist_name WHERE artist.gender = ""VALUE""","SELECT avg(T2.rating) FROM artist AS T1 JOIN song AS T2 ON T1.artist_name  =  T2.artist_name WHERE T1.gender  =  ""Female""",,
16,16,1007,How many engineers did each staff contact? List both the contact staff name and number of engineers contacted.,"SELECT Staff.staff_name, COUNT(*) FROM Staff JOIN Engineer_Visits ON Staff.staff_id = Engineer_Visits.contact_staff_id GROUP BY Engineer_Visits.contact_staff_id","SELECT T1.staff_name ,  count(*) FROM Staff AS T1 JOIN Engineer_Visits AS T2 ON T1.staff_id  =  T2.contact_staff_id GROUP BY T1.staff_name","D1, BN1","D1, BN1"
17,17,726,Show the enrollment and primary_conference of the oldest college.,"SELECT university.Affiliation, university.Primary_conference FROM university ORDER BY university.Enrollment DESC LIMIT 1","SELECT enrollment ,  primary_conference FROM university ORDER BY founded LIMIT 1","BL1, K3, BN1, K2","BL1, BN1"
18,18,734,Find how many school locations have the word 'NY'.,"SELECT COUNT(university.Location) FROM university WHERE university.Location LIKE ""% NY %""","SELECT count(*) FROM university WHERE LOCATION LIKE ""%NY%""","BL1, D1c, K2, K3","BL1, D1c, K2, K3"
19,19,772,"What are the ids, names, dates of opening, and other details for accounts corresponding to the customer with the first name ""Meaghan""?","SELECT Accounts.account_id, Accounts.date_account_opened, Accounts.other_account_details FROM Customers JOIN Accounts ON Customers.customer_id = Accounts.customer_id WHERE Customers.customer_first_name = ""Meaghan""","SELECT T1.account_id ,  T1.date_account_opened ,  T1.account_name ,  T1.other_account_details FROM Accounts AS T1 JOIN Customers AS T2 ON T1.customer_id  =  T2.customer_id WHERE T2.customer_first_name  =  'Meaghan'","D1c, BL2","BL1, BL3"
20,20,816,What is the total balance of savings accounts not belonging to someone with the name Brown?,SELECT * FROM ACCOUNTS,SELECT sum(T2.balance) FROM accounts AS T1 JOIN savings AS T2 ON T1.custid  =  T2.custid WHERE T1.name != 'Brown',"L5, CE2, F4, BL3","L5, CE2, F4, BL3"
21,21,1358,What is the first name of the students who are in age 20 to 25 and living in PHL city?,"SELECT Student.Fname FROM Student WHERE Student.Age BETWEEN 20 AND Student.city_code = ""PHL""",SELECT fname FROM student WHERE city_code  =  'PHL' AND age BETWEEN 20 AND 25,"L5, CE2","L5, CE2"
22,22,441,What are the different dorm amenity names in alphabetical order?,SELECT DISTINCT Dorm.dorm_name FROM Dorm JOIN Dorm_amenity ON Dorm.dormid = Dorm_amenity.amenid ORDER BY Dorm_amenity.amenity_name,SELECT amenity_name FROM dorm_amenity ORDER BY amenity_name,"BL1, E1, A2a, BF4","E1, A2a, F4"
23,23,611,"How many cartoons were written by ""Joseph Kuhr""?","SELECT COUNT(DISTINCT Cartoon.Written_by) FROM Cartoon WHERE Cartoon.Written_by = ""Joseph Kuhr""","SELECT count(*) FROM Cartoon WHERE Written_by = ""Joseph Kuhr"";","BL1, E1","E1, BL2"
24,24,1361,Find the average and total capacity of dorms for the students with gender X.,"SELECT AVG(Dorm.student_capacity), SUM(Dorm.student_capacity) FROM Dorm JOIN Student ON Dorm.dormid = Student.StuID WHERE Student.Sex = ""X""","SELECT avg(student_capacity) ,  sum(student_capacity) FROM dorm WHERE gender  =  'X'","E1, A2a","E1, A2a, CF5, BL2"
25,25,638,Find the names and publication dates of all catalogs that have catalog level number greater than 5.,"SELECT Catalogs.catalog_name, Catalogs.date_of_publication FROM Catalogs JOIN Catalog_Structure ON Catalogs.catalog_id = Catalog_Structure.catalog_id WHERE Catalog_Structure.catalog_level_name > 5","SELECT t1.catalog_name ,  t1.date_of_publication FROM catalogs AS t1 JOIN catalog_structure AS t2 ON t1.catalog_id  =  t2.catalog_id WHERE catalog_level_number  >  5",E1,E1
26,26,1111,What are the names of the ships  that are from either the US or the UK?,"SELECT ship.Name FROM ship WHERE ship.Nationality = ""US"" OR ship.Nationality = ""UK""","SELECT Name FROM ship WHERE Nationality  =  ""United States"" OR Nationality  =  ""United Kingdom""",D1c,"D1c, E1, CF5"
27,27,975,"Find the name, account type, and account balance of the customer who has the highest credit score.","SELECT customer.cust_name, customer.acc_type, customer.acc_bal FROM customer ORDER BY customer.credit_score LIMIT 1","SELECT cust_name ,  acc_type ,  acc_bal FROM customer ORDER BY credit_score DESC LIMIT 1","D1c, K2","D1c, nan"
28,28,1150,What are the ids and details for all organizations that have grants of more than 6000 dollars?,"SELECT Grants.organisation_id, Organisations.organisation_details FROM Organisations JOIN Grants ON Organisations.organisation_id = Grants.organisation_id WHERE Grants.grant_amount > 6000","SELECT T2.organisation_id ,  T2.organisation_details FROM Grants AS T1 JOIN Organisations AS T2 ON T1.organisation_id  =  T2.organisation_id GROUP BY T2.organisation_id HAVING sum(T1.grant_amount)  >  6000","F3, K2, A1f, AN2","nan, A1f, AN2"
29,29,1354,"Show the customer name, customer address city, date from, and date to for each customer address history.","SELECT Customers.customer_name, Customer_Address_History.date_from, Customer_Address_History.date_to FROM Customers JOIN Customer_Address_History ON Customers.customer_id = Customer_Address_History.customer_id JOIN Addresses ON Customer_Address_History.address_id = Addresses.address_id","SELECT T2.customer_name ,  T3.city ,  T1.date_from ,  T1.date_to FROM customer_address_history AS T1 JOIN customers AS T2 ON T1.customer_id  =  T2.customer_id JOIN addresses AS T3 ON T1.address_id  =  T3.address_id","F3, A1f, BL3, AN2","A1f, BL3, AN2"
30,30,1292,Which college has any student who is a goalie and succeeded in the tryout.,"SELECT Tryout.cName FROM Tryout WHERE Tryout.pPos = ""goalie""",SELECT cName FROM  tryout WHERE decision  =  'yes' AND pPos  =  'goalie',"F4, BL3","F4, BL3"
31,31,193,What is the total number of customers who use banks in New York City?,"SELECT SUM(bank.no_of_customers) FROM bank WHERE bank.city = ""New York""",SELECT sum(no_of_customers) FROM bank WHERE city  =  'New York City',"D1c, F4","D1c, F4"
32,32,1090,Find the number of medications prescribed for each brand.,"SELECT Medication.Brand, COUNT(*) FROM Medication GROUP BY Medication.Brand","SELECT count(*) ,  T1.name FROM medication AS T1 JOIN prescribes AS T2 ON T1.code = T2.medication GROUP BY T1.brand","D1c, BL1, CE2","D1c, BL1, CE2"
33,33,942,Find the parties associated with the delegates from district 1. Who served as governors of the parties?,SELECT party.Party FROM party JOIN election ON party.Party_ID = election.Party WHERE election.District = 1,SELECT T2.Governor FROM election AS T1 JOIN party AS T2 ON T1.Party  =  T2.Party_ID WHERE T1.District  =  1,"CE2, BF4","CE2, BF4"
34,34,1161,How many project staff worked as leaders or started working before '1989-04-24 23:51:54'?,"SELECT COUNT(*) FROM Project_Staff WHERE Project_Staff.date_from < ""1989-04-24 23 : 51 : 54"" OR Project_Staff.date_from < ""1989-04-24 23 : 51 : 54""",SELECT count(*) FROM Project_Staff WHERE role_code  =  'leader' OR date_from  <  '1989-04-24 23:51:54',"BL1, F3, F1, D1, BF4","BL1, F3, BF4, F4"
35,35,1199,Who has a friend that is from new york city?,"SELECT Person.name FROM Person JOIN PersonFriend ON Person.name = PersonFriend.friend WHERE Person.city = ""new york""",SELECT T2.name FROM Person AS T1 JOIN PersonFriend AS T2 ON T1.name  =  T2.friend WHERE T1.city  =  'new york city',"F3, F1, D1, BF4, D1c","D1c, F3, F4, BF4"
36,36,1066,What is average salary of the players in the team named 'Boston Red Stockings' ?,"SELECT AVG(player_college.year) FROM player_college WHERE player_college.college_id = ""Boston Red Stockings""",SELECT avg(T1.salary) FROM salary AS T1 JOIN team AS T2 ON T1.team_id  =  T2.team_id_br WHERE T2.name  = 'Boston Red Stockings',"BL1, CE2, CF5, D1c, CL1, BF4","CL1, D1c"
37,37,1151,"When do all the researcher role staff start to work, and when do they stop working?","SELECT Project_Staff.date_from, Project_Staff.date_to FROM Project_Staff","SELECT date_from ,  date_to FROM Project_Staff WHERE role_code  =  'researcher'","BL1, F4, CL1, BF4, CE2, CF5","CL1, F4"
38,38,899,What are the countries that have at least two perpetrators?,SELECT perpetrator.Country FROM perpetrator GROUP BY perpetrator.Country HAVING COUNT(*) >= 2,"SELECT Country ,  COUNT(*) FROM perpetrator GROUP BY Country HAVING COUNT(*)  >=  2","L5, F4, BL3","L5, F4, BL3"
39,39,854,What are the payment date of the payment with amount paid higher than 300 or with payment type is 'Check',"SELECT Payments.payment_date FROM Payments WHERE Payments.amount_paid_in_full_yn > 300 OR Payments.payment_type_code = ""Check""",SELECT payment_date FROM payments WHERE amount_paid  >  300 OR payment_type_code  =  'Check',"L5, BF4, BL3","L5, BF4"
40,40,780,"What are the the full names and ids for all customers, and how many accounts does each have?","SELECT Customers.customer_first_name, Customers.customer_middle_initial, COUNT(*), Customers.customer_id FROM Customers JOIN Accounts ON Customers.customer_id = Accounts.customer_id GROUP BY Customers.customer_id","SELECT T1.customer_id ,  T2.customer_first_name ,  T2.customer_last_name ,  count(*) FROM Accounts AS T1 JOIN Customers AS T2 ON T1.customer_id  =  T2.customer_id GROUP BY T1.customer_id","BN1, BF4, BL3","CL1, BF4"
41,41,1290,Find the average hours for the students whose tryout decision is no.,"SELECT AVG(Tryout.decision) FROM Tryout WHERE Tryout.decision = ""no""",SELECT avg(T1.HS) FROM player AS T1 JOIN tryout AS T2 ON T1.pID  =  T2.pID WHERE T2.decision  =  'no',"BL1, BL3, BN1, CL1, CE2","BL1, CE2"
42,42,1149,Find the organisation ids and details of the organisations which are involved in,"SELECT Organisations.organisation_id, Organisations.organisation_details FROM Organisations","SELECT T2.organisation_id ,  T2.organisation_details FROM Grants AS T1 JOIN Organisations AS T2 ON T1.organisation_id  =  T2.organisation_id GROUP BY T2.organisation_id HAVING sum(T1.grant_amount)  >  6000","BL1, AN2, CL1, A1f","CL1, A1f, AN2"
43,43,229,List the position of players with average number of points scored by players of that position bigger than 20.,SELECT player.Position FROM player GROUP BY player.Position HAVING AVG(player.Points) > 20,SELECT POSITION FROM player GROUP BY name HAVING avg(Points)  >=  20,"F1, AN2, BN1, CE2, A1f","CE2, BN1, A1f, AN2"
44,44,656,Find the name and capacity of products with price greater than 700 (in USD).,SELECT Catalog_Contents.capacity FROM Catalog_Contents WHERE Catalog_Contents.price_in_dollars > 700,"SELECT catalog_entry_name ,  capacity FROM Catalog_Contents WHERE price_in_dollars  >  700","BN1, F1, BL3","BN1, BL3"
45,45,713,What are the names of enzymes that include the string 'ALA'?,"SELECT enzyme.name FROM enzyme WHERE enzyme.name LIKE ""% ALA %""","SELECT name FROM enzyme WHERE name LIKE ""%ALA%""","D1c, BL3","D1, BL3"
46,46,280,"Find the description of the club called ""Tennis Club"".","SELECT Club.ClubDesc FROM Club WHERE Club.ClubName = ""Tennis club""","SELECT clubdesc FROM club WHERE clubname  =  ""Tennis Club""","D1c, D1a","D1, D1a"
47,47,1069,List the first and last name for players who participated in all star game in 1998.,SELECT all_star.game_id FROM player_college JOIN all_star ON player_college.player_id = all_star.player_id WHERE all_star.year = 1998,"SELECT name_first ,  name_last FROM player AS T1 JOIN all_star AS T2 ON T1.player_id  =  T2.player_id WHERE YEAR  =  1998","CE3, BL1, D1a","CL1, D1a"
48,48,592,"In 1980, how many cars were made?",SELECT COUNT(*) FROM car_names WHERE car_names.Model = 1980,SELECT count(*) FROM CARS_DATA WHERE YEAR  =  1980;,"BL1, CE3, BF4",CF5
49,49,675,Count the number of tracks that are part of the rock genre.,"SELECT COUNT(*) FROM Genre JOIN Track ON Genre.GenreId = Track.GenreId WHERE Genre.Name = ""rock""","SELECT COUNT(*) FROM GENRE AS T1 JOIN TRACK AS T2 ON T1.GenreId  =  T2.GenreId WHERE T1.Name  =  ""Rock""","BF4, D1a","CF5, CL1, D1a"
50,50,967,Find the name and account balance of the customer whose name includes the letter ‘a’.,"SELECT customer.cust_name, customer.acc_bal FROM customer WHERE customer.cust_name LIKE ""% a %""","SELECT cust_name ,  acc_bal FROM customer WHERE cust_name LIKE '%a%'","D1c, D1a","D1, D1a"
51,51,414,What are the different cities that have more than 100 memberships?,SELECT member.Hometown FROM member GROUP BY member.Hometown HAVING COUNT(*) > 100,SELECT DISTINCT city FROM branch WHERE membership_amount  >=  100,"O2, BL1, D1c, N3, CL1","BL3, D1, O2"
52,52,668,"Find the names of all the tracks that contain the word ""you"".","SELECT Track.Name FROM Track WHERE Track.Name LIKE ""% you %""",SELECT Name FROM TRACK WHERE Name LIKE '%you%',"BL1, N3, CL1, O2, D1c, A1b",BL3
53,53,649,"Which catalog contents have a product stock number that starts from ""2""? Show the catalog entry names.","SELECT Catalog_Contents.catalog_entry_name FROM Catalog_Contents WHERE Catalog_Contents.catalog_entry_name LIKE ""2 %""","SELECT catalog_entry_name FROM catalog_contents WHERE product_stock_number LIKE ""2%""",BF4,BF4
54,54,906,"What are the support, consider, and oppose rates of each candidate, ordered ascending by their unsure rate?","SELECT candidate.Support_rate, candidate.Oppose_rate FROM candidate ORDER BY candidate.Unsure_rate","SELECT Support_rate ,  Consider_rate ,  Oppose_rate FROM candidate ORDER BY unsure_rate","D1c, BF4, BL3","BF4, BL3"
55,55,698,What is the average unit price of rock tracks?,"SELECT AVG(Track.UnitPrice) FROM Genre JOIN Track ON Genre.GenreId = Track.GenreId WHERE Genre.Name = ""rock""","SELECT AVG(T2.UnitPrice) FROM GENRE AS T1 JOIN TRACK AS T2 ON T1.GenreId  =  T2.GenreId WHERE T1.Name  =  ""Rock""","BL3, D1a","BL3, D1a"
56,56,317,Find the person who has exactly one friend.,SELECT PersonFriend.friend FROM PersonFriend GROUP BY PersonFriend.name HAVING COUNT(*) = 1,SELECT name FROM PersonFriend GROUP BY name HAVING count(*)  =  1,"BL1, D1a","BL1, D1a"
57,57,757,Show the names of people and the number of times they have been on the affirmative side of debates.,"SELECT people.Name, COUNT(*) FROM debate_people JOIN people ON debate_people.Affirmative = people.People_ID WHERE debate_people.Affirmative = affirmative GROUP BY debate_people.Affirmative","SELECT T2.Name ,  COUNT(*) FROM debate_people AS T1 JOIN people AS T2 ON T1.Affirmative  =  T2.People_ID GROUP BY T2.Name","BL1, BN1, F4","BL1, F3, BN1"
58,58,761,Find the total and average amount paid in claim headers.,"SELECT SUM(Claim_Headers.Amount_Claimed), AVG(Claim_Headers.Amount_Claimed) FROM Claim_Headers","SELECT sum(amount_piad) ,  avg(amount_piad) FROM claim_headers","BL1, BN1, F4","BL1, BN1, F3"
59,59,851,"What are the first name, last name, and gender of all the good customers? Order by their last name.","SELECT Customers.first_name, Customers.last_name, Customers.gender_mf FROM Customers ORDER BY Customers.good_or_bad_customer","SELECT first_name ,  last_name ,  gender_mf FROM customers WHERE good_or_bad_customer  =  'good' ORDER BY last_name","BL1, K3, F4","BL1, F4"
60,60,1059,What are the names of all male British artists?,"SELECT artist.artist_name FROM artist WHERE artist.gender = ""British""","SELECT artist_name FROM artist WHERE country  =  ""UK"" AND gender  =  ""Male""","D1c, K3",D1
61,61,1046,What is the country of origin of the artist who is female and produced a song in Bangla?,"SELECT artist.country FROM artist JOIN song ON artist.artist_name = song.artist_name WHERE artist.gender = ""female"" AND song.languages = ""Bangla""","SELECT T1.country FROM artist AS T1 JOIN song AS T2 ON T1.artist_name  =  T2.artist_name WHERE T1.gender  =  ""Female"" AND T2.languages  =  ""bangla""","D1c, F4, D1a","D1, F4, D1a"
62,62,1062,What are the average rating and resolution of songs that are in Bangla?,"SELECT AVG(song.rating), AVG(song.resolution) FROM song WHERE song.languages = ""Bangla""","SELECT avg(rating) ,  avg(resolution) FROM song WHERE languages  =  ""bangla""",,
63,63,1324,Give me a list of descriptions of the problems that are reported by the staff whose first name is Christop.,"SELECT Problems.problem_description FROM Staff JOIN Problem_Log ON Staff.staff_id = Problem_Log.assigned_to_staff_id JOIN Problems ON Problem_Log.problem_id = Problems.problem_id WHERE Staff.staff_first_name = ""Christop""","SELECT T1.problem_description FROM problems AS T1 JOIN staff AS T2 ON T1.reported_by_staff_id = T2.staff_id WHERE T2.staff_first_name = ""Christop""","CE3, E1, D1a","E1, D1a"
64,64,391,How many states that have some college students playing in the mid position but not in the goalie position.,"SELECT COUNT(*) FROM Tryout WHERE Tryout.pPos = ""mid"" AND Tryout.pPos != ""goalie""",SELECT COUNT(*) FROM (SELECT T1.state FROM college AS T1 JOIN tryout AS T2 ON T1.cName  =  T2.cName WHERE T2.pPos  =  'mid' EXCEPT SELECT T1.state FROM college AS T1 JOIN tryout AS T2 ON T1.cName  =  T2.cName WHERE T2.pPos  =  'goalie'),"A1d, CE3, E1","CE2, E1, A1d"
65,65,1010,"Give me the times and numbers of all trains that go to Chennai, ordered by time.","SELECT train.train_number, train.time FROM train WHERE train.origin = ""Chennai"" ORDER BY train.time","SELECT TIME ,  train_number FROM train WHERE destination  =  'Chennai' ORDER BY TIME","CE2, A1d, BF4","CE2, A1d, BF4"
66,66,762,What are the total amount and average amount paid in claim headers?,"SELECT SUM(Claim_Headers.Amount_Claimed), AVG(Claim_Headers.Amount_Piad) FROM Claim_Headers","SELECT sum(amount_piad) ,  avg(amount_piad) FROM claim_headers","BL1, BF4","BL1, BF4"
67,67,1246,"What are the total number of Domestic Passengers of airports that contain the word ""London"".","SELECT SUM(airport.Total_Passengers) FROM airport WHERE airport.Domestic_Passengers LIKE ""% London %""","SELECT sum(Domestic_Passengers) FROM airport WHERE Airport_Name LIKE ""%London%""",D1c,BF4
68,68,1068,What are first and last names of players participating in all star game in 1998?,"SELECT all_star.player_id, all_star.game_id FROM player_college JOIN all_star ON player_college.player_id = all_star.player_id WHERE all_star.year = 1998","SELECT name_first ,  name_last FROM player AS T1 JOIN all_star AS T2 ON T1.player_id  =  T2.player_id WHERE YEAR  =  1998","BL1, D1c","BL1, CL1, BF4"
69,69,625,find id of the tv channels that from the countries where have more than two tv channels.,SELECT TV_Channel.Country FROM TV_Channel GROUP BY TV_Channel.Country HAVING COUNT(*) > 2,SELECT id FROM tv_channel GROUP BY country HAVING count(*)  >  2,BL1,"BL1, CL1"
70,70,971,Find the branch name of the bank that has the most number of customers.,SELECT bank.branch_ID FROM bank ORDER BY bank.no_of_customers DESC LIMIT 1,SELECT bname FROM bank ORDER BY no_of_customers DESC LIMIT 1,,
71,71,1057,"What are the names of all genres in alphabetical order, combined with its ratings?","SELECT genre.g_name, genre.rating FROM genre ORDER BY genre.rating","SELECT g_name ,  rating FROM genre ORDER BY g_name","BL1, K3","BL1, BN1"
72,72,992,What are the names and cities of bank branches that offer loans for business?,"SELECT loan.branch_ID, bank.city FROM bank JOIN loan ON bank.branch_ID = loan.branch_ID","SELECT T1.bname ,  T1.city FROM bank AS T1 JOIN loan AS T2 ON T1.branch_id  =  T2.branch_id WHERE T2.loan_type  =  'Business'","BL1, CL1, K3","BN1, CL1, F4"
73,73,5,Find the names of all the catalog entries.,SELECT Catalogs.catalog_name FROM Catalogs,SELECT distinct(catalog_entry_name) FROM catalog_contents,"A1b, CL1, CL1","CL1, A1b, F4"
74,74,1173,How many people whose age is greater 30 and job is engineer?,"SELECT COUNT(*) FROM Person WHERE Person.age > 30 AND Person.job = ""VALUE""",SELECT count(*) FROM Person WHERE age  >  30 AND job  =  'engineer',"A1b, D1, BL1, CL1","CL1, D1, A1b"
75,75,1174,HOw many engineers are older than 30?,SELECT COUNT(*) FROM Person WHERE Person.age > 30,SELECT count(*) FROM Person WHERE age  >  30 AND job  =  'engineer',"D1, F4","D1, F4"
76,76,821,Find the total checking and saving balance of all accounts sorted by the total balance in ascending order.,"SELECT ""CHECKING"", CHECKING.balance FROM CHECKING ORDER BY CHECKING.balance ASC",SELECT T1.balance + T2.balance FROM checking AS T1 JOIN savings AS T2 ON T1.custid  =  T2.custid ORDER BY T1.balance + T2.balance,"BL1, CE2, F4","L5, CE2, F4"
77,77,711,"What are the different names, locations, and products of the enzymes that are capable inhibitor interactions?","SELECT enzyme.name, enzyme.Location, enzyme.Product FROM enzyme JOIN medicine_enzyme_interaction ON enzyme.id = medicine_enzyme_interaction.enzyme_id WHERE medicine_enzyme_interaction.interaction_type = ""VALUE""","SELECT DISTINCT T1.name ,  T1.location ,  T1.product FROM enzyme AS T1 JOIN medicine_enzyme_interaction AS T2 ON T2.enzyme_id  =  T1.id WHERE T2.interaction_type  =  'inhibitor'","BL1, D1, CE2","L5, D1, CE2"
78,78,1158,What is the type of the document whose description starts with the word 'Initial'?,"SELECT Documents.document_type_code FROM Document_Types JOIN Documents ON Document_Types.document_type_code = Documents.document_type_code WHERE Document_Types.document_description LIKE ""% Initial %""",SELECT document_type_code FROM Document_Types WHERE document_description LIKE 'Initial%',"D1c, D1","D1c, D1"
79,79,1157,Which document type is described with the prefix 'Initial'?,"SELECT Document_Types.document_description FROM Document_Types WHERE Document_Types.document_description LIKE ""% Initial %""",SELECT document_type_code FROM Document_Types WHERE document_description LIKE 'Initial%',BL1,BL1
80,80,1004,Which staff have contacted which engineers? List the staff name and the engineer first name and last name.,"SELECT Staff.staff_name, Maintenance_Engineers.last_name FROM Staff JOIN Engineer_Visits ON Staff.staff_id = Engineer_Visits.contact_staff_id JOIN Maintenance_Engineers ON Engineer_Visits.engineer_id = Maintenance_Engineers.engineer_id","SELECT T1.staff_name ,  T3.first_name ,  T3.last_name FROM Staff AS T1 JOIN Engineer_Visits AS T2 ON T1.staff_id  =  T2.contact_staff_id JOIN Maintenance_Engineers AS T3 ON T2.engineer_id  =  T3.engineer_id","D1c, BL1, BL3","D1c, BL1, BL3"
81,81,1145,"Find the titles and studios of the films that are produced by some film studios that contained the word ""Universal"".","SELECT film.Title, film.Studio FROM film WHERE film.Studio LIKE ""% Universal %""","SELECT title ,  Studio FROM film WHERE Studio LIKE ""%Universal%""","D1c, BL3","D1, BL3"
82,82,866,List roles that have more than one employee. List the role description and number of employees.,"SELECT Roles.role_description, COUNT(*) FROM Employees JOIN Roles ON Employees.role_code = Roles.role_code GROUP BY Employees.role_code HAVING COUNT(*) > 1","SELECT Roles.role_description , count(Employees.employee_id) FROM ROLES JOIN Employees ON Employees.role_code = Roles.role_code GROUP BY Employees.role_code HAVING count(Employees.employee_id)  >  1;","D1c, BL1","BL1, D1"
83,83,304,List the description of the outcomes for all projects.,SELECT Research_Outcomes.outcome_description FROM Research_Outcomes,SELECT T1.outcome_description FROM Research_outcomes AS T1 JOIN Project_outcomes AS T2 ON T1.outcome_code  =  T2.outcome_code,"BL1, E1","BL1, CE2"
84,84,240,What are the id of all the files in mp3 format?,"SELECT files.file_size FROM files WHERE files.formats = ""mp3""","SELECT f_id FROM files WHERE formats  =  ""mp3""","BL1, E1","BL1, CE2"
85,85,279,"What is the description of the club named ""Tennis Club""?","SELECT Club.ClubDesc FROM Club WHERE Club.ClubName = ""Tennis club""","SELECT clubdesc FROM club WHERE clubname  =  ""Tennis Club""","BL1, D1a","BL1, D1a"
86,86,1234,Find the first name and last name of the instructor of course that has course name,"SELECT DISTINCT Faculty.Fname, Faculty.Lname FROM Faculty JOIN Course ON Faculty.FacID = Course.Instructor","SELECT T2.Fname ,  T2.Lname FROM COURSE AS T1 JOIN FACULTY AS T2 ON T1.Instructor  =  T2.FacID WHERE T1.CName  =  ""COMPUTER LITERACY""","A2a, F4, D1a","F4, D1a"
87,87,631,What are the distinct ages of the heads who are acting?,SELECT DISTINCT head.age FROM head,SELECT DISTINCT T1.age FROM management AS T2 JOIN head AS T1 ON T1.head_id  =  T2.head_id WHERE T2.temporary_acting  =  'Yes',"CE2, A2a",CE2
88,88,643,Give me the average and minimum price (in Euro) of the products.,"SELECT AVG(Catalog_Contents.price_in_euros), MIN(Catalog_Contents.price_in_dollars) FROM Catalog_Contents","SELECT avg(price_in_euros) ,  min(price_in_euros) FROM catalog_contents","BL1, F4, CE2","CE2, F4, BL3"
89,89,1334,What are names for top three branches with most number of membership?,SELECT branch.Name FROM branch JOIN membership_register_branch ON branch.Branch_ID = membership_register_branch.Branch_ID ORDER BY branch.membership_amount DESC LIMIT 3,SELECT name FROM branch ORDER BY membership_amount DESC LIMIT 3,"BL1, CE2","E1, BL3"
90,90,1231,"What are the first names for all faculty professors, ordered by first name?","SELECT Faculty.Fname FROM Faculty WHERE Faculty.Rank = ""VALUE"" ORDER BY Faculty.Fname","SELECT Fname FROM FACULTY WHERE Rank  =  ""Professor"" ORDER BY Fname","D1, CE2","D1, E1"
91,91,1283,What are the names of all students who tried out in alphabetical order?,SELECT Tryout.cName FROM Tryout ORDER BY Tryout.cName,SELECT T1.pName FROM player AS T1 JOIN tryout AS T2 ON T1.pID  =  T2.pID ORDER BY T1.pName,"BL1, K3, D1, CE2","CE2, CL1, D1"
92,92,834,Count the number of budgets in year 2001 or before whose budgeted amount is greater than 3000,SELECT SUM(budget.Budgeted) FROM budget WHERE budget.Year < 3000 OR budget.Budgeted < 3000,SELECT count(*) FROM budget WHERE budgeted  >  3000 AND YEAR  <=  2001,"BL1, K3, F1, D1, CE2","F4, CL1, CE2, F2"
93,93,648,"Find the names of all the products whose stock number starts with ""2"".","SELECT Catalog_Contents.product_stock_number FROM Catalog_Contents WHERE Catalog_Contents.product_stock_number LIKE ""2 %""","SELECT catalog_entry_name FROM catalog_contents WHERE product_stock_number LIKE ""2%""","BL1, D1c, D1, F1","D1, F2, F4"
94,94,858,What is the joined year of the pilot of the highest rank?,SELECT pilot.Join_Year FROM pilot ORDER BY pilot.Rank DESC LIMIT 1,SELECT Join_Year FROM pilot ORDER BY Rank ASC LIMIT 1,"D1c, BL1, K2","D1, L4, K2"
95,95,1156,When did the first staff member start working?,SELECT Project_Staff.date_from FROM Project_Staff ORDER BY Project_Staff.date_to ASC LIMIT 1,SELECT date_from FROM Project_Staff ORDER BY date_from ASC LIMIT 1,"K3, K2",K2
96,96,557,Find the name of airports whose altitude is between -50 and 50.,SELECT airports.name FROM airports WHERE airports.elevation BETWEEN 50 AND 50,SELECT name FROM airports WHERE elevation BETWEEN -50 AND 50,"D1, K3",D1
97,97,1042,How many songs have 4 minute duration?,SELECT COUNT(*) FROM song WHERE song.releasedate = 4,"SELECT count(*) FROM files WHERE duration LIKE ""4:%""",CL1,"CL1, D1c, D1"
98,98,1348,"list the card number of all members whose hometown address includes word ""Kentucky"".","SELECT member.Card_Number FROM member WHERE member.Hometown LIKE ""% Kentucky %""","SELECT card_number FROM member WHERE Hometown LIKE ""%Kentucky%""","CL1, D1c, D1","CL1, D1, D1c"
99,99,561,How many cities are there that have more than 3 airports?,SELECT COUNT(*) FROM airports GROUP BY airports.city HAVING COUNT(*) > 3,SELECT count(*) FROM (SELECT city FROM airports GROUP BY city HAVING count(*)  >  3),"D1c, Q1","BL1, D1c, Q1"
100,100,6,What are all the catalog entry names?,SELECT Catalogs.catalog_name FROM Catalogs,SELECT distinct(catalog_entry_name) FROM catalog_contents,"A1b, BL1, CL1","A1b, CL1, BL1"
101,101,1055,How many songs were released for each format?,"SELECT files.formats, COUNT(*) FROM files JOIN song ON files.f_id = song.genre_is GROUP BY files.formats","SELECT count(*) ,  formats FROM files GROUP BY formats","BL1, E1, CL1, A1b","A1b, CL1, E1"
102,102,1038,List the name and country of origin for all singers who have produced songs with rating above 9.,"SELECT song.song_name, song.country FROM artist JOIN song ON artist.artist_name = song.artist_name WHERE song.rating > 9","SELECT DISTINCT T1.artist_name ,  T1.country FROM artist AS T1 JOIN song AS T2 ON T1.artist_name  =  T2.artist_name WHERE T2.rating  >  9","A1b, BL1, E1","A1b, E1"
103,103,841,"Show the names and locations of institutions that are founded after 1990 and have the type ""Private"".","SELECT Institution.Institution, Institution.Location FROM Institution WHERE Institution.Type = ""Private"" AND Institution.Location > 1990","SELECT institution ,  LOCATION FROM institution WHERE founded  >  1990 AND TYPE  =  'Private'","A1b, BL1, BF4","A1b, BF4"
104,104,1163,What is the last date of the staff leaving the projects?,SELECT MAX(Project_Staff.date_from) FROM Project_Staff,SELECT date_to FROM Project_Staff ORDER BY date_to DESC LIMIT 1,"L4, KA1b, BF4","L4, KA1b, BF4"
105,105,953,Show the names of counties that have at least two delegates.,SELECT county.County_name FROM county GROUP BY county.County_name HAVING COUNT(*) >= 2,SELECT T1.County_name FROM county AS T1 JOIN election AS T2 ON T1.County_id  =  T2.District GROUP BY T1.County_id HAVING COUNT(*)  >=  2,"KA1b, L4, CE2","CE2, L4, KA1b"
106,106,1179,What is average age of male for different job title?,"SELECT AVG(Person.age), Person.gender FROM Person GROUP BY Person.gender","SELECT avg(age) ,  job FROM Person WHERE gender  =  'male' GROUP BY job","BL1, F4, CE2","CE2, BL1, F4"
107,107,1221,"What are the first names for students who have an ""a"" in their first name?","SELECT Student.Fname FROM Student WHERE Student.Fname LIKE ""% a %""",SELECT DISTINCT Fname FROM STUDENT WHERE Fname LIKE '%a%',"BL1, F4, BN1, D1c","A1b, BL1, F4"
108,108,1182,How old is the youngest person for each job?,"SELECT SUM(Person.age), Person.job FROM Person GROUP BY Person.job","SELECT min(age) ,  job FROM Person GROUP BY job","D1c, L4","A1b, L4"
109,109,296,What is the complete description of the job of a researcher?,"SELECT SUM(Staff_Roles.role_description) FROM Staff_Roles WHERE Staff_Roles.role_code = ""researcher""",SELECT role_description FROM Staff_Roles WHERE role_code  =  'researcher',,
110,110,823,"Find the name, checking balance and saving balance of all accounts in the bank.","SELECT ACCOUNTS.name, SAVINGS.balance FROM ACCOUNTS JOIN SAVINGS ON ACCOUNTS.custid = SAVINGS.balance","SELECT T2.balance ,  T3.balance ,  T1.name FROM accounts AS T1 JOIN checking AS T2 ON T1.custid  =  T2.custid JOIN savings AS T3 ON T1.custid  =  T3.custid","L4, BE5, BL3","CE2, L4, BL3"
111,111,653,Which catalog contents have length below 3 or above 5? Find the catalog entry names.,SELECT Catalog_Contents.catalog_entry_name FROM Catalog_Contents WHERE Catalog_Contents.length < 3 OR Catalog_Contents.length < 5,SELECT catalog_entry_name FROM catalog_contents WHERE LENGTH  <  3 OR width  >  5,"BE5, F1, BF4, BL3","CE2, BF4, BL3"
112,112,423,What are the names of the all-female dorms?,"SELECT Dorm.dorm_name FROM Dorm WHERE Dorm.gender = ""VALUE""",SELECT dorm_name FROM dorm WHERE gender  =  'F',"D1, BF4","D1, BF4"
113,113,622,"When did the episode ""A Love of a Lifetime"" air?","SELECT TV_series.Air_Date FROM TV_series WHERE TV_series.Episode = ""A Love of A Lifetime""","SELECT Air_Date FROM TV_series WHERE Episode = ""A Love of a Lifetime"";","D1, D1a","D1, D1a"
114,114,822,"What is the sum of checking and savings balances for all customers, ordered by the total balance?","SELECT CHECKING.custid, SUM(CHECKING.balance) FROM CHECKING JOIN SAVINGS ON CHECKING.custid = SAVINGS.custid GROUP BY CHECKING.custid ORDER BY SUM(CHECKING.balance)",SELECT T1.balance + T2.balance FROM checking AS T1 JOIN savings AS T2 ON T1.custid  =  T2.custid ORDER BY T1.balance + T2.balance,"BL1, L4, D1a","L4, D1a"
115,115,1060,Find the names of songs whose genre is modern or language is English.,"SELECT song.song_name FROM genre JOIN song ON genre.g_name = song.f_id WHERE song.languages = ""English"" OR song.languages = ""modern""","SELECT song_name FROM song WHERE genre_is  =  ""modern"" OR languages  =  ""english""","BL1, L4, BF4","L4, D1a"
116,116,231,List the types of competition that have at most five competitions of that type.,SELECT competition.Competition_type FROM competition GROUP BY competition.Competition_type HAVING COUNT(*) <= 10,SELECT Competition_type FROM competition GROUP BY Competition_type HAVING COUNT(*)  <=  5,"D1, BF4","D1, D1a"
117,117,1039,What are the different names and countries of origins for all artists whose song ratings are above 9?,"SELECT DISTINCT song.artist_name, song.country FROM artist JOIN song ON artist.artist_name = song.f_id WHERE song.rating > 9","SELECT DISTINCT T1.artist_name ,  T1.country FROM artist AS T1 JOIN song AS T2 ON T1.artist_name  =  T2.artist_name WHERE T2.rating  >  9","D1, BE5","D1, CL1"
118,118,916,"For each sex, what is the name and sex of the candidate with the oppose rate for their sex?","SELECT people.Name, people.Sex, MAX(candidate.Oppose_rate) FROM candidate JOIN people ON candidate.People_ID = people.People_ID GROUP BY people.Sex","SELECT t1.name ,  t1.sex ,  min(oppose_rate) FROM people AS t1 JOIN candidate AS t2 ON t1.people_id  =  t2.people_id GROUP BY t1.sex",BE5,"L4, CL1"
119,119,1107,What are the three most costly procedures?,SELECT Procedures.Name FROM Procedures ORDER BY Procedures.Cost DESC LIMIT 3,SELECT name FROM procedures ORDER BY cost LIMIT 3,K2,"L4, K2"
120,120,893,"What are the names of entrepreneurs and their corresponding investors, ordered descending by the amount of money requested?",SELECT entrepreneur.Investor FROM entrepreneur ORDER BY entrepreneur.Money_Requested DESC,"SELECT T2.Name ,  T1.Company FROM entrepreneur AS T1 JOIN people AS T2 ON T1.People_ID  =  T2.People_ID ORDER BY T1.Money_Requested","BL1, CE2","BL1, K2, CE2"
121,121,1403,How many games are played for all football games by students on scholarship?,"SELECT COUNT(*) FROM SportsInfo WHERE SportsInfo.SportName = ""football""","SELECT sum(gamesplayed) FROM Sportsinfo WHERE sportname  =  ""Football"" AND onscholarship  =  'Y'","BL1, F4, D1a, L4, CE2, K2","BL1, F4, D1a, L4, CE2"
122,122,1293,What college has a student who successfully made the team in the role of a goalie?,"SELECT Tryout.cName FROM College JOIN Tryout ON College.cName = Tryout.cName WHERE Tryout.pPos = ""goalie""",SELECT cName FROM  tryout WHERE decision  =  'yes' AND pPos  =  'goalie',"E1, D1a, L4","L4, E1, D1a"
123,123,907,which poll source does the highest oppose rate come from?,SELECT MAX(candidate.Poll_Source) FROM candidate ORDER BY candidate.Oppose_rate DESC LIMIT 1,SELECT poll_source FROM candidate ORDER BY oppose_rate DESC LIMIT 1,"E1, L4, F4","E1, L4, F4"
124,124,1014,"Find the number of trains for each station, as well as the station network name and services.","SELECT station.network_name, COUNT(*) FROM station JOIN route ON station.id = route.station_id GROUP BY route.station_id","SELECT count(*) ,  t1.network_name ,  t1.services FROM station AS t1 JOIN route AS t2 ON t1.id  =  t2.station_id GROUP BY t2.station_id","L4, BL3","L4, BL3"
125,125,742,What is the maximum and minimum height of all players?,"SELECT MAX(Player.height), MIN(Player.height) FROM Player","SELECT max(weight) ,  min(weight) FROM Player","BL1, BL3","BL1, BL3"
126,126,718,List all public schools and their locations.,"SELECT university.School, university.Location FROM university","SELECT school ,  LOCATION FROM university WHERE affiliation  =  'Public'","BL1, F4","BL1, F4"
127,127,224,What is the total number of clubs that have less than 10 medals in total?,SELECT SUM(club_rank.Total) FROM club_rank GROUP BY club_rank.Club_ID HAVING AVG(club_rank.Total) < 10,SELECT count(*) FROM club_rank WHERE Total  <  10,"N3, L4, O2","L4, F4, O2"
128,128,389,How many schools have some students playing in goalie and mid positions.,"SELECT COUNT(DISTINCT Tryout.pPos) FROM Tryout WHERE Tryout.pPos = ""goalie"" OR Tryout.pPos = ""mid""",SELECT COUNT(*) FROM (SELECT cName FROM  tryout WHERE pPos  =  'goalie' INTERSECT SELECT cName FROM  tryout WHERE pPos  =  'mid'),"N3, A1g, F4, L4, O2, F2, A2a","BL1, L4, F2, A1g"
129,129,966,"What are the states, account types, and credit scores for customers who have 0 loans?","SELECT customer.state, customer.acc_type, customer.credit_score FROM customer JOIN loan ON customer.cust_ID = loan.cust_ID WHERE customer.credit_score = 0","SELECT state ,  acc_type ,  credit_score FROM customer WHERE no_of_loans  =  0","E1, A1g, BF4, F2, A2a","BL1, E1, A1g, BF4, F2"
130,130,560,In how many cities are there airports in the country of Greenland?,"SELECT COUNT(*) FROM airports WHERE airports.country = ""Greenland""",SELECT count(DISTINCT city) FROM airports WHERE country  =  'Greenland',"A1b, E1, BF4","BL1, E1, BF4"
131,131,639,What are the name and publication date of the catalogs with catalog level number above 5?,"SELECT Catalogs.catalog_name, Catalogs.date_of_publication FROM Catalogs JOIN Catalog_Structure ON Catalogs.catalog_id = Catalog_Structure.catalog_id WHERE Catalog_Structure.catalog_level_name > 5","SELECT t1.catalog_name ,  t1.date_of_publication FROM catalogs AS t1 JOIN catalog_structure AS t2 ON t1.catalog_id  =  t2.catalog_id WHERE catalog_level_number  >  5","A1b, BF4",
132,132,733,What are the schools that were either founded before 1850 or are public?,SELECT university.School FROM university WHERE university.Founded < 1850 OR university.Founded = 1850,SELECT school FROM university WHERE founded  >  1850 OR affiliation  =  'Public',"D1, F1","BL1, D1, F1"
133,133,543,When are the birthdays of customer who are classified as 'Good Customer' status?,"SELECT Customers.date_of_birth FROM Customers WHERE Customers.customer_status_code = ""Good customer""",SELECT date_of_birth FROM Customers WHERE customer_status_code  =  'Good Customer',"F1, D1a, D1, BF4","D1, F1, D1a"
134,134,216,What is the total number of clubs?,SELECT SUM(club_rank.Total) FROM club JOIN club_rank ON club.Club_ID = club_rank.Club_ID,SELECT count(*) FROM club,"BL1, E1, D1a, L4, CL1","E1, L4, D1a"
135,135,954,Which counties have two or more delegates? Give me the county names.,SELECT county.County_name FROM county GROUP BY county.County_name HAVING COUNT(*) >= 2,SELECT T1.County_name FROM county AS T1 JOIN election AS T2 ON T1.County_id  =  T2.District GROUP BY T1.County_id HAVING COUNT(*)  >=  2,"BL1, E1, BN1, L4, CL1, CE2","CE2, BN1, E1, L4"
136,136,770,"What are the ids, date opened, name, and other details for all accounts?","SELECT Accounts.account_id, Accounts.date_account_opened, Accounts.other_account_details FROM Accounts","SELECT account_id ,  date_account_opened ,  account_name ,  other_account_details FROM Accounts","CE2, BN1, BL3","CE2, BN1, BL3"
137,137,458,What is the type of video game Call of Destiny.,"SELECT Video_Games.GType FROM Video_Games WHERE Video_Games.GName = ""Destiny""","SELECT gtype FROM Video_games WHERE gname  =  ""Call of Destiny""","D1c, BL3","D1, BL3"
138,138,1224,Find the rooms of faculties with rank professor who live in building NEB.,"SELECT DISTINCT Faculty.Room FROM Faculty WHERE Faculty.Rank = ""VALUE"" AND Faculty.Building = ""NEB""","SELECT Room FROM FACULTY WHERE Rank  =  ""Professor"" AND Building  =  ""NEB""","D1c, D1, A2a",A2a
139,139,800,"What are the invoice dates, order ids, and order details for all invoices?","SELECT Invoices.invoice_date, Invoices.order_id FROM Invoices","SELECT T1.invoice_date ,  T1.order_id ,  T2.order_details FROM Invoices AS T1 JOIN Orders AS T2 ON T1.order_id  =  T2.order_id","CE2, A2a, D1, BL3","BL3, D1, A2a"
140,140,298,How many patents outcomes were listed for all the projects?,SELECT COUNT(*) FROM Project_Outcomes,SELECT count(*) FROM Project_outcomes WHERE outcome_code  =  'Patent',"CE2, F4, BL3","F4, BL3"
141,141,333,"What is the number of departments in Division ""AS""?",SELECT COUNT(DISTINCT Department.DName) FROM Department WHERE Department.Division = as,"SELECT count(*) FROM DEPARTMENT WHERE Division  =  ""AS""","D1c, A2a, F4","BL1, A2a, F4, D1a"
142,142,1346,What is the total number of purchases for members with level 6?,SELECT SUM(purchase.Total_pounds) FROM purchase JOIN member ON purchase.Member_ID = member.Member_ID WHERE member.Level = 6,SELECT count(*) FROM purchase AS T1 JOIN member AS T2 ON T1.member_id  =  T2.member_id WHERE T2.level  =  6,"D1c, L4, A2a","BL1, L4, A2a, D1a"
143,143,1167,What are the staff roles of the staff who,SELECT Project_Staff.role_code FROM Project_Staff,SELECT role_code FROM Project_Staff WHERE date_from  >  '2003-04-19 15:06:20' AND date_to  <  '2016-03-15 00:33:18',"L4, F4","L4, F4"
144,144,1280,Find the name and college of students whose decisions are yes in the tryout.,"SELECT Tryout.cName FROM Tryout WHERE Tryout.decision = ""yes""","SELECT T1.pName ,  T2.cName FROM player AS T1 JOIN tryout AS T2 ON T1.pID  =  T2.pID WHERE T2.decision  =  'yes'","CE2, F4, BL3","CE2, F4, BL3"
145,145,1125,Show the names of companies in the banking or retailing industry?,"SELECT company.Name FROM company WHERE company.Industry = ""banking"" OR company.Industry = ""retailing""","SELECT Name FROM company WHERE Industry  =  ""Banking"" OR Industry  =  ""Retailing""","CE2, BL3, D1a","CE2, BL3, D1a"
146,146,765,Find the names of the customers who have an deputy policy.,"SELECT DISTINCT Customers.Customer_ID FROM Customers JOIN Policies ON Customers.Customer_ID = Policies.Customer_ID WHERE Policies.Policy_Type_Code = ""deputy""","SELECT DISTINCT t2.customer_details FROM policies AS t1 JOIN customers AS t2 ON t1.customer_id  =  t2.customer_id WHERE t1.policy_type_code  =  ""Deputy""",BL1,BL1
147,147,1089,How many rooms are located for each block code?,"SELECT Block.BlockCode, COUNT(*) FROM Block JOIN Room ON Block.BlockFloor = Room.BlockCode GROUP BY Block.BlockCode","SELECT count(*) ,  T1.blockcode FROM BLOCK AS T1 JOIN room AS T2 ON T1.blockfloor  =  T2.blockfloor AND T1.blockcode  =  T2.blockcode GROUP BY T1.blockcode","BL1, BE5, D1a","BL1, CE2, D1a"
148,148,12,On which days more than one revisions were made on catalogs.,SELECT Catalogs.date_of_publication FROM Catalogs GROUP BY Catalogs.date_of_publication HAVING COUNT(*) > 1,SELECT date_of_latest_revision FROM Catalogs GROUP BY date_of_latest_revision HAVING count(*)  >  1,"BL1, BN1, BE5","BL1, BN1, CE2"
149,149,1180,What is the average age for a male in each job?,"SELECT AVG(Person.age), Person.job FROM Person GROUP BY Person.job","SELECT avg(age) ,  job FROM Person WHERE gender  =  'male' GROUP BY job","BL1, BN1, F4","BL1, BN1, F4"
150,150,862,Show names of pilots that have more than one record.,SELECT pilot.Pilot_name FROM pilot JOIN pilot_record ON pilot.Pilot_ID = pilot_record.Pilot_ID GROUP BY pilot.Pilot_name HAVING COUNT(*) > 1,"SELECT T2.Pilot_name ,  COUNT(*) FROM pilot_record AS T1 JOIN pilot AS T2 ON T1.pilot_ID  =  T2.pilot_ID GROUP BY T2.Pilot_name HAVING COUNT(*)  >  1","F4, BL3","L5, F4"
151,151,1271,What are the name of the players who received a card in descending order of the hours of training?,SELECT Player.pName FROM Player ORDER BY Player.HS DESC,SELECT pName FROM Player WHERE yCard  =  'yes' ORDER BY HS DESC,"F4, BL3","L5, F4"
152,152,863,What is the role of the employee named Koby?,"SELECT Employees.role_code FROM Employees WHERE Employees.employee_name = ""Koby""","SELECT T1.role_description FROM ROLES AS T1 JOIN Employees AS T2 ON T1.role_code = T2.role_code WHERE T2.employee_name = ""Koby"";","BL1, F4, CE2","CE2, CL1, F4"
153,153,921,"find the highest support percentage, lowest consider rate and oppose rate of all candidates.","SELECT MAX(candidate.Support_rate), MIN(candidate.Support_rate), MIN(candidate.Oppose_rate) FROM candidate","SELECT max(support_rate) ,  min(consider_rate) ,  min(oppose_rate) FROM candidate",CE2,"BL1, CL1, CE2"
154,154,418,What are the different membership levels?,SELECT DISTINCT member.Level FROM member,SELECT count(DISTINCT LEVEL) FROM member,"BL1, A2a","A1b, BL1"
155,155,1091,How many medications are prescribed for each brand?,"SELECT Medication.Brand, COUNT(*) FROM Medication GROUP BY Medication.Brand","SELECT count(*) ,  T1.name FROM medication AS T1 JOIN prescribes AS T2 ON T1.code = T2.medication GROUP BY T1.brand","BL1, A2a, CE2","BL1, CE2, A1b"
156,156,941,Who were the governors of the parties associated with delegates from district 1?,SELECT party.Governor FROM party WHERE party.Party = 1,SELECT T2.Governor FROM election AS T1 JOIN party AS T2 ON T1.Party  =  T2.Party_ID WHERE T1.District  =  1,"BL1, BF4","BL1, CF5"
157,157,908,Return the poll source corresponding to the candidate who has the oppose rate.,SELECT candidate.Poll_Source FROM candidate WHERE candidate.Support_rate = (SELECT MAX(candidate.Oppose_rate) FROM candidate),SELECT poll_source FROM candidate ORDER BY oppose_rate DESC LIMIT 1,"F3, BF4, KA1b, CE2","CE2, L4, KA1b, CF5"
158,158,1023,What are the names and players of all the clubs?,"SELECT club.name, player.name FROM club JOIN player ON club.Club_ID = player.Club_ID","SELECT T1.name ,  T2.Player_id FROM club AS T1 JOIN player AS T2 ON T1.Club_ID  =  T2.Club_ID","BL1, F3, KA1b","BL1, L4, KA1b"
159,159,305,How many females does this network has?,"SELECT COUNT(*) FROM Person WHERE Person.gender = ""VALUE""",SELECT count(*) FROM Person WHERE gender  =  'female',"BL1, D1","BL1, D1"
160,160,985,Find the name and account balance of the customers who have loans with a total amount of more than 5000.,"SELECT customer.cust_name, customer.acc_bal FROM customer JOIN loan ON customer.cust_ID = loan.cust_ID WHERE loan.amount > 5000","SELECT T1.cust_name ,  T1.acc_type FROM customer AS T1 JOIN loan AS T2 ON T1.cust_id  =  T2.cust_id GROUP BY T1.cust_name HAVING sum(T2.amount)  >  5000","BL1, AN2, D1, O1","D1, AN2, O1"
161,161,1095,Which patient is undergoing the most recent treatment?,SELECT Undergoes.Patient FROM Undergoes ORDER BY Undergoes.DateUndergoes DESC LIMIT 1,SELECT patient FROM undergoes ORDER BY dateundergoes LIMIT 1,"BL1, A1f, AN2, K2, O1","K2, AN2"
162,162,1152,When did researchers start and stop working?,"SELECT Project_Staff.date_from, Project_Staff.date_to FROM Project_Staff","SELECT date_from ,  date_to FROM Project_Staff WHERE role_code  =  'researcher'","K2, F4","K2, F4"
163,163,558,What are the names of all airports whose elevation is between -50 and 50?,SELECT airports.name FROM airports WHERE airports.elevation BETWEEN 50 AND 50,SELECT name FROM airports WHERE elevation BETWEEN -50 AND 50,"D1, F4","D1, F4"
164,164,818,"What are the names of customers with accounts, and how many checking accounts do each of them have?","SELECT ACCOUNTS.name, COUNT(*) FROM CHECKING JOIN ACCOUNTS ON CHECKING.custid = ACCOUNTS.custid GROUP BY CHECKING.custid","SELECT count(*) ,  T1.name FROM accounts AS T1 JOIN checking AS T2 ON T1.custid  =  T2.custid GROUP BY T1.name","D1, BN1","CL1, D1, BN1"
165,165,284,"Where us the club named ""Tennis Club"" located?","SELECT Club.ClubLocation FROM Club WHERE Club.ClubName = ""Tennis club""","SELECT clublocation FROM club WHERE clubname  =  ""Tennis Club""","BN1, D1a","CL1, BN1, D1a"
166,166,981,Find the total amount of loans offered by each bank branch.,"SELECT SUM(loan.amount), loan.branch_ID FROM loan GROUP BY loan.branch_ID","SELECT sum(amount) ,  T1.bname FROM bank AS T1 JOIN loan AS T2 ON T1.branch_id  =  T2.branch_id GROUP BY T1.bname","BL1, D1a, BN1, CE2","CE2, BN1, CL1, D1a"
167,167,390,How many schools have students playing in goalie and mid-field positions?,"SELECT COUNT(*) FROM Tryout WHERE Tryout.pPos = ""goalie"" OR Tryout.pPos = ""mid mid""",SELECT COUNT(*) FROM (SELECT cName FROM  tryout WHERE pPos  =  'goalie' INTERSECT SELECT cName FROM  tryout WHERE pPos  =  'mid'),"BL1, A1g, BN1, D1c, CE2, F2","CE2, BN1, CL1, A1g"
168,168,1267,What are the names and enrollment numbers for colleges that have more than 10000 enrolled and are located in Louisiana?,"SELECT College.cName, College.enr FROM College WHERE College.state = ""Louisiana"" AND College.enr > 10000","SELECT cName ,  enr FROM College WHERE enr  >  10000 AND state = ""LA""","F2, A1g","D1, A1g"
169,169,1236,Find the department name and room of the course INTRODUCTION TO COMPUTER SCIENCE.,"SELECT Department.DName, Department.Room FROM Course JOIN Department ON Department.DNO = Course.DNO WHERE Course.CName = ""COMPUTER SCIENCE""","SELECT T2.Dname ,  T2.Room FROM COURSE AS T1 JOIN DEPARTMENT AS T2 ON T1.DNO  =  T2.DNO WHERE T1.CName  =  ""INTRODUCTION TO COMPUTER SCIENCE""",,
170,170,1164,What is the last date that a staff member left a project?,SELECT MAX(Project_Staff.date_from) FROM Project_Staff,SELECT date_to FROM Project_Staff ORDER BY date_to DESC LIMIT 1,"BL1, KA1b, L4, D1c","D1, L4, KA1b"
171,171,384,What information do you have on colleges sorted by increasing enrollment numbers?,SELECT * FROM College ORDER BY College.enr DESC,SELECT * FROM College ORDER BY enr,"BL1, KA1b, L4, K2","L4, K2, KA1b"
172,172,1372,How many dorms are there and what is the total capacity for each gender?,"SELECT SUM(Dorm.student_capacity), Dorm.gender FROM Dorm GROUP BY Dorm.gender","SELECT count(*) ,  sum(student_capacity) ,  gender FROM dorm GROUP BY gender","K2, BL3","K2, BL3"
173,173,469,What are the advisors,SELECT DISTINCT Student.Advisor FROM Student,SELECT advisor FROM Student GROUP BY advisor HAVING count(*)  >=  2,"BL3, AN2, A2a, A1f","A2a, BL3, AN2"
174,174,636,"Find all the catalog publishers whose name contains ""Murray""","SELECT Catalogs.catalog_publisher FROM Catalogs WHERE Catalogs.catalog_name LIKE ""% Murray %""","SELECT distinct(catalog_publisher) FROM catalogs WHERE catalog_publisher LIKE ""%Murray%""","AN2, D1c, A2a, A1b, A1f","A1b, A2a, BF4, AN2"
175,175,1035,What is the name of the song that was released most recently?,SELECT song.song_name FROM song ORDER BY song.releasedate DESC LIMIT 1,"SELECT song_name ,  releasedate FROM song ORDER BY releasedate DESC LIMIT 1","A1b, D1c, BL3","A1b, BF4, BL3"
176,176,673,"What are the names and ids of the different albums, and how many tracks are on each?","SELECT Album.AlbumId, Track.AlbumId, COUNT(*) FROM Album JOIN Track ON Album.AlbumId = Track.AlbumId GROUP BY Album.AlbumId","SELECT T1.Title ,  T2.AlbumID ,  COUNT(*) FROM ALBUM AS T1 JOIN TRACK AS T2 ON T1.AlbumId  =  T2.AlbumId GROUP BY T2.AlbumID","BL1, BL3",BL2
177,177,278,Find each student's first name.,SELECT Student.Fname FROM Student,SELECT DISTINCT fname FROM student,"A1b, BL1","A1b, BL3, BL2"
178,178,929,Show the lieutenant governor and comptroller from the democratic party.,"SELECT party.Lieutenant_Governor, party.Comptroller FROM party WHERE party.Party = ""democratic""","SELECT Lieutenant_Governor ,  Comptroller FROM party WHERE Party  =  ""Democratic""","A1b, D1a","A1b, D1a"
179,179,1082,How many patients do each physician take care of? List their names and number of patients they take care of.,"SELECT Physician.Name, COUNT(*) FROM Physician JOIN Prescribes ON Physician.EmployeeID = Prescribes.Physician GROUP BY Prescribes.Physician","SELECT T1.name ,  count(*) FROM physician AS T1 JOIN patient AS T2 ON T1.employeeid  =  T2.PCP GROUP BY T1.employeeid","BN1, BE5, D1a",
180,180,1294,What is the state and enrollment of the colleges where have any students who got accepted in the tryout decision.,"SELECT College.state, College.enr FROM College JOIN Tryout ON College.cName = Tryout.cName WHERE Tryout.decision = ""tryout""","SELECT DISTINCT T1.state ,  T1.enr FROM college AS T1 JOIN tryout AS T2 ON T1.cName  =  T2.cName WHERE T2.decision  =  'yes'","BE5, D1, BN1, A1b","A1b, D1, D1a"
181,181,110,What is the id of the product that is booked for 3 times?,SELECT Products_Booked.product_id FROM Products_Booked GROUP BY Products_Booked.product_id HAVING COUNT(*) >= 3,SELECT product_id FROM products_booked GROUP BY product_id HAVING count(*)  =  3,"A1b, D1, F1","A1b, D1, F1"
182,182,700,List the names and the locations that the enzymes can make an effect.,"SELECT enzyme.name, enzyme.Location FROM enzyme JOIN medicine_enzyme_interaction ON enzyme.id = medicine_enzyme_interaction.enzyme_id","SELECT name ,  LOCATION FROM enzyme","CE2, F1","E1, F1"
183,183,681,"Count the number of customers that have an email containing ""gmail.com"".","SELECT COUNT(*) FROM Customer WHERE Customer.Email LIKE ""% gmail.com %""","SELECT COUNT(*) FROM CUSTOMER WHERE Email LIKE ""%gmail.com%""","D1c, CE2","D1, E1"
184,184,1371,Find the number of dorms and total capacity for each gender.,"SELECT COUNT(*), Dorm.gender FROM Dorm GROUP BY Dorm.gender","SELECT count(*) ,  sum(student_capacity) ,  gender FROM dorm GROUP BY gender","D1c, BL3","L5, D1"
185,185,795,Show the account id and name with at least 4 transactions.,"SELECT Financial_Transactions.account_id, COUNT(*) FROM Financial_Transactions GROUP BY Financial_Transactions.account_id HAVING COUNT(*) >= 4","SELECT T1.account_id ,  T2.account_name FROM Financial_transactions AS T1 JOIN Accounts AS T2 ON T1.account_id  =  T2.account_id GROUP BY T1.account_id HAVING count(*)  >=  4","BL1, CE2, BL3","L5, BL1, L4, CE2"
186,186,938,"Which county do the delegates on ""Appropriations"" committee belong to? Give me the county names.","SELECT county.County_name FROM election JOIN county ON election.Delegate = county.County_Id WHERE election.Committee = ""Appropriations""","SELECT T1.County_name FROM county AS T1 JOIN election AS T2 ON T1.County_id  =  T2.District WHERE T2.Committee  =  ""Appropriations""","BL1, BE5, CE2","BL1, L4, BE5, CE2"
187,187,1289,What are the names of all students who successfully tried out for the position of striker?,"SELECT Tryout.cName FROM Tryout WHERE Tryout.pPos = ""striker""",SELECT T1.pName FROM player AS T1 JOIN tryout AS T2 ON T1.pID  =  T2.pID WHERE T2.decision  =  'yes' AND T2.pPos  =  'striker',"BL1, BE5, F4, CE2","BL1, CE2, F4"
188,188,830,"How many donors have endowment for school named ""Glenn""?","SELECT COUNT(*) FROM endowment JOIN School ON endowment.School_id = School.School_id WHERE School.School_name = ""Glenn""","SELECT count(DISTINCT T1.donator_name) FROM endowment AS T1 JOIN school AS T2 ON T1.school_id  =  T2.school_id WHERE T2.school_name  =  ""Glenn""","BL1, F4, CE2, A1b","A1b, F4"
189,189,905,"Please list support, consider, and oppose rates for each candidate in ascending order by unsure rate.","SELECT candidate.Support_rate, candidate.Oppose_rate FROM candidate ORDER BY candidate.Unsure_rate ASC","SELECT Support_rate ,  Consider_rate ,  Oppose_rate FROM candidate ORDER BY unsure_rate","A1b, BL3","A1b, BL1, K2, BL3"
190,190,1384,"What are all the different product names, and how many complains has each received?","SELECT Products.product_name, COUNT(*) FROM Complaints JOIN Products ON Complaints.product_id = Products.product_id GROUP BY Complaints.product_id","SELECT t1.product_name ,  count(*) FROM products AS t1 JOIN complaints AS t2 ON t1.product_id  =  t2.product_id GROUP BY t1.product_name","BN1, BL3","CL1, BN1, K2, BL3"
191,191,1248,What are the maximum and minimum number of transit passengers of all aiports.,"SELECT MAX(airport.Transit_Passengers), MIN(airport.Transit_Passengers) FROM airport WHERE airport.Airport_ID = ""VALUE""","SELECT max(Transit_Passengers) ,  min(Transit_Passengers) FROM airport","BN1, F4","CL1, F3, BN1"
192,192,250,How many companies are headquartered in the US?,"SELECT COUNT(*) FROM company WHERE company.Headquarters = ""VALUE""",SELECT count(*) FROM company WHERE Headquarters  =  'USA',"D1, F4","D1, F3"
193,193,242,How many Bangladeshi artists are listed?,"SELECT COUNT(*) FROM artist WHERE artist.country = ""Bangladeshi""","SELECT count(*) FROM artist WHERE country  =  ""Bangladesh""","D1c, D1",
194,194,519,How many budget types do we have?,SELECT COUNT(DISTINCT Ref_Budget_Codes.Budget_Type_Code) FROM Ref_Budget_Codes,SELECT count(*) FROM Ref_budget_codes,"D1c, A2a","BL1, D1, A2a"
195,195,1401,Show last names for all student who are on scholarship.,SELECT Student.LName FROM Student,SELECT T2.Lname FROM Sportsinfo AS T1 JOIN Student AS T2 ON T1.StuID  =  T2.StuID WHERE T1.onscholarship  =  'Y',"F4, CE2, BL1, A2a","BL1, CE2, A2a, F4"
196,196,705,What are the names and trade names of the medcines that are FDA approved?,"SELECT medicine.name, medicine.Trade_Name FROM medicine WHERE medicine.FDA_approved = ""VALUE""","SELECT name ,  trade_name FROM medicine WHERE FDA_approved  =  'Yes'","F4, D1, CE2","D1, F4, CE2"
197,197,476,How many games are played for all students?,SELECT COUNT(*) FROM Plays_Games,SELECT sum(gamesplayed) FROM Sportsinfo,"cL1, D1, L4","CL1, D1, L4"
198,198,487,List all the types of forms.,SELECT Forms.form_type_code FROM Forms,SELECT DISTINCT form_type_code FROM forms,"A1b, CL1, L4","A1b, CL1, L4"
199,199,833,How many budgets are above 3000 in year 2001 or before?,SELECT SUM(budget.Budgeted) FROM budget WHERE budget.Year > 3000 OR budget.Year < 2001,SELECT count(*) FROM budget WHERE budgeted  >  3000 AND YEAR  <=  2001,"F1, L4, BF4, A1b","A1b, F1, L4, F2"
200,200,88,Show all product sizes.,SELECT Products.product_size FROM Products,SELECT DISTINCT product_size FROM Products,"F1, L4, BF4, A1b","A1b, L4, F1, F2"
201,201,763,"Find the names of customers whose name contains ""Diana"".","SELECT Customers.Customer_ID FROM Customers WHERE Customers.Customer_Details LIKE ""% Diana %""","SELECT customer_details FROM customers WHERE customer_details LIKE ""%Diana%""","D1c, BL1, A1b","A1b, BL1"
202,202,1364,What is the student capacity and type of gender for the dorm whose name as the phrase Donor in it?,"SELECT Dorm.student_capacity, Dorm.gender FROM Dorm JOIN Student ON Student.StuID = Dorm.dormid WHERE Dorm.dorm_name LIKE ""% Donor %""","SELECT student_capacity ,  gender FROM dorm WHERE dorm_name LIKE '%Donor%'","BL1, CE2","BL1, E1"
203,203,736,Find the number of universities that have over a 20000 enrollment size for each affiliation type.,"SELECT COUNT(*), university.Affiliation FROM university GROUP BY university.Affiliation HAVING SUM(university.Enrollment) > 20000","SELECT count(*) ,  affiliation FROM university WHERE enrollment  >  20000 GROUP BY affiliation","F4, O2, D1c, CE2","E1, O2"
204,204,799,Show invoice dates and order id and details for all invoices.,"SELECT Invoices.invoice_date, Invoices.order_id FROM Invoices","SELECT T1.invoice_date ,  T1.order_id ,  T2.order_details FROM Invoices AS T1 JOIN Orders AS T2 ON T1.order_id  =  T2.order_id","F4, BL3, O2, CE2","CE2, BL3"
205,205,1131,What are the low and high estimates of film markets?,"SELECT MIN(film_market_estimation.Low_Estimate), MIN(film_market_estimation.High_Estimate) FROM film_market_estimation","SELECT Low_Estimate ,  High_Estimate FROM film_market_estimation","CE2, L4, BL3","CE2, L4, BL3"
206,206,1347,What are the total purchases for members rated at level 6?,SELECT SUM(purchase.Total_pounds) FROM purchase JOIN member ON purchase.Member_ID = member.Member_ID WHERE member.Level = 6,SELECT count(*) FROM purchase AS T1 JOIN member AS T2 ON T1.member_id  =  T2.member_id WHERE T2.level  =  6,,
207,207,459,What type of game is Call of Destiny?,"SELECT Video_Games.GType FROM Video_Games WHERE Video_Games.GName = ""Call Destiny""","SELECT gtype FROM Video_games WHERE gname  =  ""Call of Destiny""","D1c, L4","D1c, L4"
208,208,633,Which head's name has the substring 'Ha'? List the id and name.,"SELECT head.head_ID, head.name FROM head WHERE head.name LIKE ""% Ha %""","SELECT head_id ,  name FROM head WHERE name LIKE '%Ha%'",,"D1c, D1"
209,209,902,Return the top 3 greatest support rates.,"SELECT ""candidate"" FROM candidate ORDER BY candidate.Support_rate DESC LIMIT 3",SELECT support_rate FROM candidate ORDER BY support_rate DESC LIMIT 3,"D1c, BL1","BL1, D1"
210,210,621,"What is the air date of TV series with Episode ""A Love of a Lifetime""?","SELECT TV_series.Air_Date FROM TV_series WHERE TV_series.Episode = ""A Love of A Lifetime""","SELECT Air_Date FROM TV_series WHERE Episode = ""A Love of a Lifetime"";","BL1, D1a","BL1, D1a"
211,211,696,Please show the employee last names that serves no more than 20 customers.,SELECT Employee.LastName FROM Employee GROUP BY Employee.LastName HAVING COUNT(*) > 20,SELECT T1.LastName FROM CUSTOMER AS T1 JOIN EMPLOYEE AS T2 ON T1.SupportRepId  =  T2.EmployeeId GROUP BY T1.SupportRepId HAVING COUNT(*)  <=  20,"CE2, F1, D1a, BN1, CL1","CE2, F1, D1a"
212,212,191,What is the total number of customers across banks?,SELECT COUNT(*) FROM bank,SELECT sum(no_of_customers) FROM bank,"F1, BN1, L4, CL1, CE2","CE2, L4, F1"
213,213,4,How many acting statuses are there?,SELECT COUNT(*) FROM management,SELECT count(DISTINCT temporary_acting) FROM management,"A1b, L4","A1b, L4"
214,214,37,How many kinds of enzymes are there?,SELECT COUNT(DISTINCT medicine_enzyme_interaction.interaction_type) FROM medicine_enzyme_interaction,SELECT count(*) FROM enzyme,"CL1, A1b","CL1, K2, A2a"
215,215,41,What is the maximum Online Mendelian Inheritance in Man (OMIM) value of the enzymes?,SELECT MAX(enzyme.OMIM) FROM enzyme WHERE enzyme.Chromosome = OMIM,SELECT max(OMIM) FROM enzyme,F3,"F3, CL1"
216,216,123,What are all role codes?,SELECT Employees.role_code FROM Employees,SELECT role_code FROM ROLES;,CL1,"CL1, BL1"
217,217,190,How many customers are there?,SELECT COUNT(*) FROM customer,SELECT sum(no_of_customers) FROM bank,"L4, CL1","CL1, L4, L5"
218,218,209,What are the names of the different banks that have provided loans?,SELECT DISTINCT customer.cust_name FROM bank JOIN loan ON bank.branch_ID = loan.cust_ID JOIN customer ON bank.branch_ID = customer.branch_ID,SELECT DISTINCT T1.bname FROM bank AS T1 JOIN loan AS T2 ON T1.branch_id  =  T2.branch_id,"BL1, E1, BE5","CL1, BL1, E1, BE5"
219,219,230,What are the positions of players whose average number of points scored by that position is larger than 20?,SELECT player.Position FROM player GROUP BY player.Position HAVING AVG(player.Points) > 20,SELECT POSITION FROM player GROUP BY name HAVING avg(Points)  >=  20,"F1, BN1","CF5, F1"
220,220,232,What are the types of competition that have most 5 competitions for that type?,SELECT competition.Competition_type FROM competition GROUP BY competition.Competition_type HAVING COUNT(*) > 5 ORDER BY COUNT(*) DESC LIMIT 5,SELECT Competition_type FROM competition GROUP BY Competition_type HAVING COUNT(*)  <=  5,O3,BL1
221,221,237,Find the names of all English songs.,"SELECT song.song_name FROM song WHERE song.languages = ""English""","SELECT song_name FROM song WHERE languages  =  ""english""",D1a,D1a
222,222,277,What are the first names of all the students?,SELECT Student.Fname FROM Student,SELECT DISTINCT fname FROM student,A1b,"F3, A2a"
223,223,295,What is the complete description of the researcher role.,"SELECT SUM(Staff_Roles.role_description) FROM Staff_Roles WHERE Staff_Roles.role_code = ""researcher""",SELECT role_description FROM Staff_Roles WHERE role_code  =  'researcher',L4,"L5, D1"
224,224,303,What are the descriptions of all the project outcomes?,SELECT Research_Outcomes.outcome_description FROM Research_Outcomes,SELECT T1.outcome_description FROM Research_outcomes AS T1 JOIN Project_outcomes AS T2 ON T1.outcome_code  =  T2.outcome_code,CE2,"D1c, CE2"
225,225,306,How many females are in the network?,"SELECT COUNT(*) FROM Person WHERE Person.gender = ""VALUE""",SELECT count(*) FROM Person WHERE gender  =  'female',D1,"D1, BL3"
226,226,330,What are the names of courses with 1 credit?,SELECT Course.CName FROM Course WHERE Course.CID = 1,SELECT CName FROM COURSE WHERE Credits  =  1,BF4,"F4, BF4"
227,227,334,How many departments are in the division AS?,SELECT COUNT(DISTINCT Department.DName) FROM Department WHERE Department.Division = as,"SELECT count(*) FROM DEPARTMENT WHERE Division  =  ""AS""","D1c, A2a","L5, BL1, BN1, D1a"
228,228,346,"What are the first names of students, ordered by age from greatest to least?",SELECT Student.Fname FROM Student ORDER BY Student.Age,SELECT Fname FROM STUDENT ORDER BY Age DESC,K2,K2
229,229,362,"How many students, on average, does each college have enrolled?","SELECT AVG(College.enr), College.cName FROM College GROUP BY College.cName",SELECT avg(enr) FROM College,"N3, BL2","BE5, BL2"
230,230,364,How many different colleges are there?,SELECT COUNT(DISTINCT College.cName) FROM College,SELECT count(*) FROM College,A2a,"A1b, CE2"
231,231,373,What are the unique types of player positions in the tryout?,SELECT DISTINCT Tryout.pPos FROM Tryout,SELECT count(DISTINCT pPos) FROM tryout,L5,"L5, A2a, D1a"
232,232,430,Find the number of distinct amenities.,SELECT COUNT(DISTINCT Dorm_amenity.amenity_name) FROM Dorm_amenity,SELECT count(*) FROM dorm_amenity,A2a,"BL1, F3, KA1b, A2a"
233,233,431,How many diffrent dorm amenities are there?,SELECT COUNT(*) FROM Dorm,SELECT count(*) FROM dorm_amenity,CL1,CL1
234,234,437,How many dorms have amenities?,SELECT COUNT(*) FROM Dorm,SELECT count(DISTINCT dormid) FROM has_amenity,"CL1, A1b","CL1, BL1, F3"
235,235,470,How many sports do we have?,SELECT COUNT(*) FROM SportsInfo,SELECT count(DISTINCT sportname) FROM Sportsinfo,A1b,A1b
236,236,541,How many staff live in state Georgia?,"SELECT COUNT(*) FROM Staff JOIN Addresses ON Staff.staff_address_id = Addresses.address_id WHERE Addresses.state_province_county = ""Georgia""","SELECT count(*) FROM Addresses WHERE state_province_county = ""Georgia"";","BL3, BL1","BL3, BL1"
237,237,544,What is the date of birth of every customer whose status code is 'Good Customer'?,"SELECT Customers.date_of_birth FROM Customers WHERE Customers.customer_status_code = ""Good customer""",SELECT date_of_birth FROM Customers WHERE customer_status_code  =  'Good Customer',D1a,"BL1, L4, F4, D1a"
238,238,626,What are the ids of all tv channels that have more than 2 TV channels?,SELECT TV_series.Channel FROM TV_series GROUP BY TV_series.Channel HAVING COUNT(*) > 2,SELECT id FROM tv_channel GROUP BY country HAVING count(*)  >  2,"BL1, BN1, CL1","A1b, BN1, CL1"
239,239,632,"Which department has more than 1 head at a time? List the id, name and the number of heads.","SELECT department.Department_ID, department.Name, COUNT(*) FROM department JOIN management ON department.Department_ID = management.head_ID GROUP BY management.department_ID HAVING COUNT(*) > 1","SELECT T1.department_id ,  T1.name ,  count(*) FROM management AS T2 JOIN department AS T1 ON T1.department_id  =  T2.department_id GROUP BY T1.department_id HAVING count(*)  >  1",BE5,"L4, CL1, BE5"
240,240,637,"Which catalog publishers have substring ""Murray"" in their names?","SELECT Catalogs.catalog_publisher FROM Catalogs WHERE Catalogs.catalog_name LIKE ""% Murray %""","SELECT distinct(catalog_publisher) FROM catalogs WHERE catalog_publisher LIKE ""%Murray%""","A1b, BF4, D1c","A1b, BL1"
241,241,650,Find the names of catalog entries with level number 8.,SELECT Catalogs.catalog_name FROM Catalogs JOIN Catalog_Contents ON Catalogs.catalog_id = Catalog_Contents.catalog_entry_id WHERE Catalog_Contents.catalog_level_number = 8,"SELECT t1.catalog_entry_name FROM Catalog_Contents AS t1 JOIN Catalog_Contents_Additional_Attributes AS t2 ON t1.catalog_entry_id  =  t2.catalog_entry_id WHERE t2.catalog_level_number  =  ""8""","BE5, CE3",E1
242,242,655,Which attribute definitions have attribute value 0? Give me the attribute name and attribute ID.,"SELECT Attribute_Definitions.attribute_name, Catalog_Contents_Additional_Attributes.attribute_id FROM Attribute_Definitions JOIN Catalog_Contents_Additional_Attributes ON Attribute_Definitions.attribute_id = Catalog_Contents_Additional_Attributes.attribute_id WHERE Catalog_Contents_Additional_Attributes.attribute_value = 0","SELECT t1.attribute_name ,  t1.attribute_id FROM Attribute_Definitions AS t1 JOIN Catalog_Contents_Additional_Attributes AS t2 ON t1.attribute_id  =  t2.attribute_id WHERE t2.attribute_value  =  0",CL1,"CL1, BL3"
243,243,657,Which catalog contents has price above 700 dollars? Show their catalog entry names and capacities.,"SELECT Catalogs.catalog_name, Catalog_Contents.capacity FROM Catalogs JOIN Catalog_Contents ON Catalogs.catalog_id = Catalog_Contents.catalog_entry_id WHERE Catalog_Contents.price_in_dollars > 700","SELECT catalog_entry_name ,  capacity FROM Catalog_Contents WHERE price_in_dollars  >  700",BL1,"BL1, E1, D1a"
244,244,661,What are the names of artist who have the letter 'a' in their names?,"SELECT Artist.Name FROM Artist WHERE Artist.Name LIKE ""% a %""","SELECT Name FROM ARTIST WHERE Name LIKE ""%a%""",D1c,"D1, A1f, AN2"
245,245,670,What are the durations of the longest and the shortest tracks in milliseconds?,"SELECT Track.Milliseconds, (Track.Milliseconds - Track.Milliseconds) FROM Track ORDER BY (Track.Milliseconds - Track.Milliseconds) LIMIT 1","SELECT max(Milliseconds) ,  min(Milliseconds) FROM TRACK",L4,"L5, CL1, BN1"
246,246,677,Find the average unit price of jazz tracks.,"SELECT AVG(Track.UnitPrice) FROM Genre JOIN Track ON Genre.GenreId = Track.GenreId WHERE Genre.Name = ""jazz""","SELECT AVG(UnitPrice) FROM GENRE AS T1 JOIN TRACK AS T2 ON T1.GenreId  =  T2.GenreId WHERE T1.Name  =  ""Jazz""",D1a,"L5, A2a, D1a"
247,247,678,"What is the first name and last name of the customer that has email ""luisg@embraer.com.br""?","SELECT Customer.FirstName, Customer.LastName FROM Customer WHERE Customer.Email = ""luisg @ embraer.com.br""","SELECT FirstName ,  LastName FROM CUSTOMER WHERE Email  =  ""luisg@embraer.com.br""",D1c,"D1, BE5"
248,248,690,Find the address of all customers that live in Germany and have invoice.,"SELECT DISTINCT Customer.Address FROM Customer JOIN Invoice ON Customer.CustomerId = Invoice.CustomerId WHERE Invoice.BillingCountry = ""Germany""","SELECT DISTINCT T1.Address FROM CUSTOMER AS T1 JOIN INVOICE AS T2 ON T1.CustomerId  =  T2.CustomerId WHERE T1.country  =  ""Germany""",BF4,"CL1, CF5"
249,249,695,What are the first names and support rep ids for employees serving 10 or more customers?,"SELECT Employee.FirstName, Customer.SupportRepId FROM Employee JOIN Customer ON Employee.EmployeeId = Customer.SupportRepId GROUP BY Employee.EmployeeId HAVING COUNT(*) >= 10","SELECT T1.FirstName ,  T1.SupportRepId FROM CUSTOMER AS T1 JOIN EMPLOYEE AS T2 ON T1.SupportRepId  =  T2.EmployeeId GROUP BY T1.SupportRepId HAVING COUNT(*)  >=  10","BN1, CL1","CL1, L4"
250,250,732,Find the schools that were either founded after 1850 or public.,"SELECT university.School FROM university WHERE university.Founded > 1850 OR university.Founded = ""public""",SELECT school FROM university WHERE founded  >  1850 OR affiliation  =  'Public',"D1a, BF4","D1, D1a"
251,251,744,List the names of all left-footed players who have overall rating between 85 and 90.,"SELECT Player.player_name FROM Player JOIN Player_Attributes ON Player.id = Player_Attributes.player_api_id WHERE Player_Attributes.overall_rating BETWEEN 85 AND 90 AND Player_Attributes.preferred_foot = ""VALUE VALUE VALUE VALUE VALUE0""","SELECT DISTINCT T1.player_name FROM Player AS T1 JOIN Player_Attributes AS T2 ON T1.player_api_id = T2.player_api_id WHERE T2.preferred_foot  =  ""left"" AND T2.overall_rating  >=  85 AND T2.overall_rating  <=  90","BE5, D1, A1b","A1b, D1, CL1"
252,252,756,"Show the names of people, and dates and venues of debates they are on the affirmative side.",SELECT * FROM people,"SELECT T3.Name ,  T2.Date ,  T2.Venue FROM debate_people AS T1 JOIN debate AS T2 ON T1.Debate_ID  =  T2.Debate_ID JOIN people AS T3 ON T1.Affirmative  =  T3.People_ID","A1b, BL1, CE2","A1b, BL1, CE2"
253,253,779,"Show id, first name and last name for all customers and the number of accounts.","SELECT Customers.customer_id, Customers.customer_first_name, COUNT(*) FROM Customers JOIN Accounts ON Customers.customer_id = Accounts.customer_id GROUP BY Customers.customer_id","SELECT T1.customer_id ,  T2.customer_first_name ,  T2.customer_last_name ,  count(*) FROM Accounts AS T1 JOIN Customers AS T2 ON T1.customer_id  =  T2.customer_id GROUP BY T1.customer_id","BL3, CE3","D1, BL3"
254,254,785,How many transaction does each account have? Show the number and account id.,"SELECT Financial_Transactions.account_id, COUNT(*) FROM Financial_Transactions GROUP BY Financial_Transactions.account_id","SELECT count(*) ,  account_id FROM Financial_transactions",N3,"BL1, CE2"
