,Unnamed: 0,sql_id,nl_query,sql,GT_sql,tianyi,record_id_x,tianyi_code,zhengn,record_id_y,zhengn_code
0,0,1694,Which customers made orders between 2009-01-01 and 2010-01-01? Find their names.,SELECT customers.customer_name FROM customers JOIN orders ON customers.customer_id = orders.customer_id WHERE orders.date_order_placed = '2009-01-01' OR orders.date_order_placed<'2010-01-01',"SELECT T1.customer_name FROM customers AS T1 JOIN orders AS T2 ON T1.customer_id = T2.customer_id WHERE T2.date_order_placed >= ""2009-01-01"" AND T2.date_order_placed <= ""2010-01-01""",tianyi,10e9d7c9-18a5-4611-a92d-4c364070d01c,"F1, F2",zhengning,8afccbcc-bdd9-4e30-bff3-16a809dc1568,F2
1,1,1834,What is the founded year of the non public school that was founded most recently?,SELECT university.founded FROM university WHERE university.founded > (SELECT MAX( university.founded ) FROM university WHERE university.affiliation != 'public'),SELECT founded FROM university WHERE affiliation != 'Public' ORDER BY founded DESC LIMIT 1,tianyi,63cb7e43-77e4-46cb-bfea-dbf5fffb1683,"D1a, A1a, KA1b",zhengning,a5dcab51-a736-4596-9870-d55649e5c3c4,"A1a, KA1b"
2,2,2303,What are the ids of all students who played video games and sports?,SELECT plays_games.stuid FROM plays_games INTERSECT SELECT sportsinfo.sportname FROM sportsinfo,SELECT StuID FROM Sportsinfo INTERSECT SELECT StuID FROM Plays_games,tianyi,83459448-3642-4fa3-bc91-a5a333b1725c,CL1,zhengning,3e38d0e5-c062-4f69-8e4b-faff8f1f0e63,CL1
3,3,1728,"What are the names , themes , and number of singers for every concert ?","SELECT concert.concert_name , concert.theme , COUNT( * ) FROM concert JOIN singer_in_concert ON concert.concert_id = singer_in_concert.concert_id GROUP BY concert.theme","select t2.concert_name ,  t2.theme ,  count(*) from singer_in_concert as t1 join concert as t2 on t1.concert_id  =  t2.concert_id group by t2.concert_id",tianyi,ea78b826-53f5-4f19-b15c-e75f0cc44fd4,BN1,zhengning,45c3478b-4fe0-43cd-b7e8-b31ba988894f,"CL1, BN1"
4,4,1815,Show the album names and ids for albums that contain tracks with unit price bigger than 1.,"SELECT album.title , album.albumid FROM album JOIN track ON album.albumid = track.albumid WHERE track.unitprice > 1","SELECT T1.Title ,  T2.AlbumID FROM ALBUM AS T1 JOIN TRACK AS T2 ON T1.AlbumId  =  T2.AlbumId WHERE T2.UnitPrice  >  1 GROUP BY T2.AlbumID",tianyi,f14ab50c-3836-4e92-a503-f918a63f6391,AN2,zhengning,f13c984f-e2d9-4e6d-b04a-289d2310d2ee,"CL1, AN2"
5,5,2384,What model has the most different versions?,SELECT model_list.model FROM model_list GROUP BY model_list.model ORDER BY COUNT( * ) DESC LIMIT 1,SELECT Model FROM CAR_NAMES GROUP BY Model ORDER BY count(*) DESC LIMIT 1;,tianyi,e42d5108-7d9c-4d91-a691-b62d46ac3275,CL1,zhengning,91c4d498-66d3-48f7-8015-e49dabee6da8,CL1
6,6,2188,What is the maximum and minimum grade point of students who live in NYC?,"SELECT MAX( gradeconversion.gradepoint ) , MIN( gradeconversion.gradepoint ) FROM student WHERE student.city_code = 'NYC'","SELECT max(T2.gradepoint) ,  min(T2.gradepoint) FROM ENROLLED_IN AS T1 JOIN GRADECONVERSION AS T2 JOIN STUDENT AS T3 ON T1.Grade  =  T2.lettergrade AND T1.StuID  =  T3.StuID WHERE T3.city_code  =  ""NYC""",tianyi,927ff72b-72a6-4c7f-88dc-1dc348aef8e1,CE2,zhengning,a356fe7f-3ce4-4e8d-abf4-b1dfad9c1aec,CE2
7,7,525,What are the advisors,SELECT student.advisor FROM student,SELECT advisor FROM Student GROUP BY advisor HAVING count(*)  >=  2,tianyi,850aca7c-de59-4db8-8498-68c715054073,"A1f, AN2",zhengning,e05a76bf-d80e-4df3-bcd0-c38c643de429,"AN2, F4"
8,8,517,Count the number of video games with Massively multiplayer online game type .,SELECT COUNT( * ) FROM video_games WHERE video_games.gtype = 'Massively multiplayer online',"SELECT count(*) FROM Video_games WHERE gtype  =  ""Massively multiplayer online game""",tianyi,af78b05e-c021-4717-ac40-fa022434d774,D1,zhengning,20f4f639-e477-4a58-b9a8-b2f89c80c078,D1
9,9,1098,How many songs have 4 minute duration?,SELECT COUNT( * ) FROM files WHERE files.duration = '4',"SELECT count(*) FROM files WHERE duration LIKE ""4:%""",tianyi,b89c3446-b748-47d3-af41-f121dabc3980,D1,zhengning,d8fca387-5659-4276-b5b4-6d9f5a1fae10,D1c
10,10,2397,Which district has both stores with less than 3000 products and stores with more than 10000 products?,SELECT shop.district FROM shop WHERE shop.number_products > 3000 INTERSECT SELECT shop.district FROM shop WHERE shop.number_products > 10000,SELECT district FROM shop WHERE Number_products  <  3000 INTERSECT SELECT district FROM shop WHERE Number_products  >  10000,tianyi,1679a504-b9d5-4b2d-95f2-99a1ae55426b,F1,zhengning,8f4d92ff-5646-407c-a61f-5862bd036b8b,D1c
11,11,1504,What is the total number of all football games played by scholarship students?,SELECT SUM( sportsinfo.gamesplayed ) FROM sportsinfo WHERE sportsinfo.sportname = 'football' AND sportsinfo.onscholarship = 'y',"SELECT sum(gamesplayed) FROM Sportsinfo WHERE sportname  =  ""Football"" AND onscholarship  =  'Y'",tianyi,5eef9c64-3327-46db-b1d6-8dead6bc04f7,D1a,zhengning,c37b81c3-d626-476f-8ddc-00f81f06c187,D1a
12,12,1047,Find the city and name of bank branches that provide business loans.,"SELECT bank.bname , bank.city FROM bank JOIN loan ON bank.branch_id = loan.branch_id WHERE loan.loan_type = 'business'","SELECT T1.bname ,  T1.city FROM bank AS T1 JOIN loan AS T2 ON T1.branch_id  =  T2.branch_id WHERE T2.loan_type  =  'Business'",tianyi,a002b9c9-1f5e-463a-9f63-515d9508a2d8,D1a,zhengning,f012fd26-8690-4ded-9991-0d3132af9bd6,D1a
13,13,1048,What are the names and cities of bank branches that offer loans for business?,"SELECT bank.bname , bank.city FROM bank JOIN loan ON bank.branch_id = loan.branch_id WHERE loan.loan_type = 'business'","SELECT T1.bname ,  T1.city FROM bank AS T1 JOIN loan AS T2 ON T1.branch_id  =  T2.branch_id WHERE T2.loan_type  =  'Business'",tianyi,31ce1b92-60b3-40a2-aaf9-9253cfbe34b8,D1a,zhengning,1ccd8c87-cb62-4853-97e4-f70105b01a45,D1a
14,14,1737,How many car models are produced by each maker ? Only list the count and the maker full name .,"SELECT COUNT( * ) , car_makers.fullname FROM car_makers JOIN model_list ON car_makers.id = model_list.maker GROUP BY car_makers.maker","select count(*) ,  t2.fullname from model_list as t1 join car_makers as t2 on t1.maker  =  t2.id group by t2.id;",tianyi,64b4734a-2ab7-41ed-9d00-5df31a22c727,BE5,zhengning,9c5314f6-96ad-4fc9-bb23-43e07a7c100c,"CL1, BN1"
15,15,248,How many times in total did the team Boston Red Stockings participate in postseason games?,SELECT * FROM postseason JOIN team ON postseason.team_id_loser = team.team_id_br WHERE team.name = 'Boston Red Stockings' UNION SELECT * FROM postseason JOIN team ON postseason.team_id_loser = team.team_id_br WHERE team.name = 'Boston Red Stockings',SELECT count(*) FROM ( SELECT * FROM postseason AS T1 JOIN team AS T2 ON T1.team_id_winner  =  T2.team_id_br WHERE T2.name  =  'Boston Red Stockings' UNION SELECT * FROM postseason AS T1 JOIN team AS T2 ON T1.team_id_loser  =  T2.team_id_br WHERE T2.name  =  'Boston Red Stockings' );,tianyi,cb8fd312-b7f9-40dc-b7ea-8af288e0ae9e,BL3,zhengning,da7bcf37-9d56-4773-9aca-3fe1eb843a65,"L5, CE2"
16,16,1648,"What is the name, city, country, and elevation for every airport in the city of New York?","SELECT airports.name , airports.country , airports.country , airports.elevation FROM airports WHERE airports.city = 'New York'","SELECT name ,  city ,  country ,  elevation FROM airports WHERE city  =  'New York'",tianyi,d52ac067-1144-4716-a182-ce703cf48a09,BL2,zhengning,4b0c0392-744f-4761-b7c2-b9002c1797ba,"BL2, BL3"
17,17,2375,Which distinct car models are the produced after 1980?,SELECT DISTINCT model_list.model FROM cars_data JOIN car_names ON cars_data.id = car_names.makeid WHERE cars_data.year > 1980,SELECT DISTINCT T1.model FROM MODEL_LIST AS T1 JOIN CAR_NAMES AS T2 ON T1.model  =  T2.model JOIN CARS_DATA AS T3 ON T2.MakeId  =  T3.id WHERE T3.year  >  1980;,tianyi,3d444ee8-bf86-49a9-a5cf-bc26faa44fe7,CE3,zhengning,33530922-e5a1-4176-ab49-4268215ffa78,CE2
18,18,1695,Give me a list of distinct product ids from orders placed between 1975-01-01 and 1976-01-01?,SELECT DISTINCT order_items.product_id FROM orders JOIN order_items ON orders.order_id = order_items.order_id WHERE orders.date_order_placed = '1975-01-01' OR orders.date_order_placed<'1976-01-01',"SELECT DISTINCT T2.product_id FROM orders AS T1 JOIN order_items AS T2 ON T1.order_id = T2.order_id WHERE T1.date_order_placed >= ""1975-01-01"" AND T1.date_order_placed <= ""1976-01-01""",tianyi,189ea93e-757c-4186-b857-d2f2ae49023e,"F1, F2",zhengning,4ab454ad-2724-43ba-8a73-43dc0b691fa6,"F1, D1"
19,19,2055,How many patients' prescriptions are made by physician John Dorian?,SELECT COUNT( * ) FROM physician JOIN prescribes ON physician.employeeid = prescribes.physician WHERE physician.name = 'John Dorian',"SELECT count(T1.SSN) FROM patient AS T1 JOIN prescribes AS T2 ON T1.SSN  =  T2.patient JOIN physician AS T3 ON T2.physician  =  T3.employeeid WHERE T3.name = ""John Dorian""",tianyi,45a6822c-a76e-4087-bd26-37d06bd61f30,"BL1, CL1, CE2",zhengning,3f6192ba-3916-4368-885f-504cf98262f4,"BL1, CE2"
20,20,2352,Return the number of routes with destination airport in Italy operated by the airline with name 'American Airlines'.,SELECT COUNT( * ) FROM routes JOIN airlines ON routes.alid = airlines.alid JOIN airports ON routes.dst_apid = airports.apid WHERE airports.country = 'American Airlines' AND airlines.country = 'Italy',SELECT count(*) FROM routes AS T1 JOIN airports AS T2 ON T1.dst_apid  =  T2.apid JOIN airlines AS T3 ON T1.alid  =  T3.alid WHERE T2.country  =  'Italy' AND T3.name  =  'American Airlines',tianyi,1061c8e4-dc79-49f8-9214-e861e80df620,BF4,zhengning,9a64c318-3360-424c-977a-8df8c737b776,BF4
21,21,877,Find the total checking and saving balance of all accounts sorted by the total balance in ascending order.,SELECT SUM( checking.balance ) FROM accounts JOIN savings ON accounts.custid = savings.custid ORDER BY checking.balance ASC,SELECT T1.balance + T2.balance FROM checking AS T1 JOIN savings AS T2 ON T1.custid  =  T2.custid ORDER BY T1.balance + T2.balance,tianyi,4a06fe32-1226-4bfc-a563-7a906fc2bfc9,"BL3, L4",zhengning,10674ad1-c375-465d-b5d1-cac90c6a2fe7,BL1
22,22,1148,How many games were played in city Atlanta in 2000?,SELECT COUNT( * ) FROM home_game JOIN park ON home_game.park_id = park.park_id WHERE home_game.attendance = 2000 AND park.city = 'Atlanta',SELECT count(*) FROM home_game AS T1 JOIN park AS T2 ON T1.park_id  =  T2.park_id WHERE T1.year  =  2000 AND T2.city  =  'Atlanta';,tianyi,8cff8682-890e-4e7c-b139-300322684e69,BF4,zhengning,fa253ef0-3630-41d0-90b7-b1e4941f39e4,BF4
23,23,1807,find the pixel aspect ratio and nation of the tv channels that do not use English.,"SELECT DISTINCT tv_channel.pixel_aspect_ratio_par , tv_channel.country FROM tv_channel WHERE tv_channel.language != 'English'","SELECT Pixel_aspect_ratio_PAR ,  country FROM tv_channel WHERE LANGUAGE != 'English'",tianyi,4c78cc3f-5aa7-4802-afb8-842201f5d4b0,A2a,zhengning,32a7c383-8d09-42fc-b05e-249f441a1301,A2a
24,24,1137,What are the maximum scores the team Boston Red Stockings got when the team won in postseason?,SELECT MAX( postseason.league_id_loser ) FROM postseason JOIN team ON postseason.team_id_loser = team.team_id_br WHERE team.name = 'Boston Red Stockings',SELECT max(T1.wins) FROM postseason AS T1 JOIN team AS T2 ON T1.team_id_winner  =  T2.team_id_br WHERE T2.name  =  'Boston Red Stockings';,tianyi,f60da818-edf5-45d5-86d7-c2ad7e61bd3d,BL1,zhengning,e08503b8-c226-4776-b80d-e8998e421360,BE5
25,25,306,How many companies are headquartered in the US?,SELECT COUNT( * ) FROM company WHERE company.headquarters = 'US',SELECT count(*) FROM company WHERE Headquarters  =  'USA',tianyi,73cec21a-6099-4ece-9d1f-8838a94dfc32,D1,zhengning,ffaabc17-208f-42d5-9b40-9fe83004d152,D1c
26,26,1952,What are the names of customers who have both savings and checking accounts?,SELECT customer.cust_name FROM customer WHERE customer.acc_type = 'checking' INTERSECT SELECT customer.cust_name FROM customer WHERE customer.acc_type = 'checking',SELECT cust_name FROM customer WHERE acc_type  =  'saving' INTERSECT SELECT cust_name FROM customer WHERE acc_type  =  'checking',tianyi,80478c4b-4caf-4b8e-ba2b-80daafbb0df4,D1,zhengning,33c97bff-e4b8-4fde-a11b-f27e21629309,D1
27,27,1147,"Count the number of games taken place in park ""Columbia Park"" in 1907.",SELECT COUNT( * ) FROM home_game JOIN park ON home_game.park_id = park.park_id WHERE home_game.attendance = 1907 AND park.park_alias = 'Columbia Park',SELECT count(*) FROM home_game AS T1 JOIN park AS T2 ON T1.park_id  =  T2.park_id WHERE T1.year = 1907 AND T2.park_name = 'Columbia Park';,tianyi,8e22390e-bba8-49e0-9cca-9571a9a596a7,BF4,zhengning,f84381ef-cbb2-49a5-a7ff-e7ca9e7d997b,BF4
28,28,1988,What are the names of the artists that are from the UK and sang songs in English?,SELECT artist.artist_name FROM artist JOIN song ON artist.artist_name = song.artist_name WHERE artist.country = 'UK' AND song.languages = 'English',"SELECT artist_name FROM artist WHERE country  =  ""UK"" INTERSECT SELECT artist_name FROM song WHERE languages  =  ""english""",tianyi,5eef5333-b3cd-46a8-9b70-8ca0ac2e15ec,D1a,zhengning,89250c73-4bb6-48ff-b5c9-35dfa7da353f,"A1g, D1a"
29,29,445,How many schools have some students playing in goalie and mid positions.,SELECT tryout.cname FROM tryout WHERE tryout.ppos = 'goalie' INTERSECT SELECT tryout.cname FROM tryout WHERE tryout.ppos = 'mid',SELECT COUNT(*) FROM (SELECT cName FROM  tryout WHERE pPos  =  'goalie' INTERSECT SELECT cName FROM  tryout WHERE pPos  =  'mid'),tianyi,5877c784-e077-4863-b960-49b7583ba754,BL3,zhengning,d19ad284-d6ff-4432-bb1e-61720b55ea53,L5
30,30,2372,What are the number of concerts that occurred in the stadium with the largest capacity ?,SELECT COUNT( * ) FROM stadium JOIN concert ON stadium.stadium_id = concert.stadium_id ORDER BY stadium.capacity DESC LIMIT 1,select count(*) from concert where stadium_id = (select stadium_id from stadium order by capacity desc limit 1),tianyi,7f218586-73f4-4251-9815-ba27684dcddb,CL1,zhengning,130dc403-3e6a-4c72-9f30-c59a3c5e077a,"BL3, E1"
31,31,1726,"For each stadium, how many concerts play there?","SELECT stadium.stadium_id , COUNT( * ) FROM concert JOIN stadium ON concert.stadium_id = stadium.stadium_id GROUP BY concert.stadium_id","SELECT T2.name ,  count(*) FROM concert AS T1 JOIN stadium AS T2 ON T1.stadium_id  =  T2.stadium_id GROUP BY T1.stadium_id",tianyi,1c3ec481-fe04-49bb-bffb-1bd4d739d3ed,BL1,zhengning,93a84e81-bf17-477b-bbd4-a762dfda5a1b,BL1
32,32,1188,Find the number of rooms for different block code?,"SELECT COUNT( * ) , block.blockcode FROM block JOIN room ON block.blockfloor = room.blockfloor JOIN block ON block.blockcode = room.blockcode GROUP BY block.blockcode","SELECT count(*) ,  T1.blockcode FROM BLOCK AS T1 JOIN room AS T2 ON T1.blockfloor  =  T2.blockfloor AND T1.blockcode  =  T2.blockcode GROUP BY T1.blockcode",tianyi,6ea652f1-99f0-4f2e-80ee-c063eb73387d,A1,zhengning,e69e8fe5-337b-4449-8155-bfa123ef4706,E1
33,33,237,Find the names of all English songs.,SELECT song.song_name FROM song WHERE song.languages = 'English',"SELECT song_name FROM song WHERE languages  =  ""english""",tianyi,d6091559-6fc2-4c58-af71-277ce597b7f2,D1a,zhengning,eb92ae81-a756-4ff7-a203-89694ebca48f,D1a
34,34,526,How many sports do we have?,SELECT COUNT( * ) FROM sportsinfo,SELECT count(DISTINCT sportname) FROM Sportsinfo,tianyi,898fc519-fc88-44d3-aba5-4e1cb05f8473,BL3,zhengning,faef5e01-c56c-4356-9c25-b0b4c2d6b383,"BL1, A1b"
35,35,2381,"Which model saves the most gasoline? That is to say, have the maximum miles per gallon.",SELECT model_list.model FROM cars_data JOIN model_list ON cars_data.id = model_list.modelid ORDER BY cars_data.mpg DESC LIMIT 1,SELECT T1.Model FROM CAR_NAMES AS T1 JOIN CARS_DATA AS T2 ON T1.MakeId  =  T2.Id ORDER BY T2.mpg DESC LIMIT 1;,tianyi,f399f617-aff7-417b-ac8e-b08ef10165ad,"CL1, CE3",zhengning,6bcb2c1f-5688-4d8e-975e-cc7a6fba1768,CL1
36,36,1827,"What are the ids, names and FDA approval status of medicines in descending order of the number of enzymes that it can interact with.","SELECT medicine.id , medicine.name , COUNT( * ) FROM medicine_enzyme_interaction JOIN medicine ON medicine_enzyme_interaction.medicine_id = medicine.id GROUP BY medicine.id ORDER BY COUNT( * ) DESC LIMIT 1","SELECT T1.id ,  T1.Name ,  T1.FDA_approved FROM medicine AS T1 JOIN medicine_enzyme_interaction AS T2 ON T2.medicine_id  =  T1.id GROUP BY T1.id ORDER BY count(*) DESC",tianyi,bc5bd9ce-9b4d-4442-8648-a747aefeb666,"BL3, F3",zhengning,d55b9024-71b9-4171-a6aa-b27abc24f897,F3
37,37,487,How many diffrent dorm amenities are there?,SELECT COUNT( DISTINCT dorm_amenity.amenity_name ) FROM dorm JOIN has_amenity ON dorm.dormid = has_amenity.dormid JOIN dorm_amenity ON has_amenity.amenid = dorm_amenity.amenid,SELECT count(*) FROM dorm_amenity,tianyi,f967ce0e-f8c8-4ee7-896b-83e965c1fefd,"F3, A1b",zhengning,70627312-edb7-4c89-9e92-ea09d4db215a,"E1, A1b"
38,38,922,List roles that have more than one employee. List the role description and number of employees.,"SELECT roles.role_description , COUNT( employees.employee_id ) FROM employees JOIN employees ON employees.role_code = employees.employee_id WHERE roles.role_description != roles.role_description GROUP BY employees.role_code","SELECT Roles.role_description , count(Employees.employee_id) FROM ROLES JOIN Employees ON Employees.role_code = Roles.role_code GROUP BY Employees.role_code HAVING count(Employees.employee_id)  >  1;",tianyi,c0c9bb4b-cccf-4eec-acb2-5260328314bb,"CE3, F3, A1f",zhengning,e8222ee7-d9fd-4ee1-85b4-bb402cdaf473,"F4, F3, BE5"
39,39,2396,Which shops run with no employees? Find the shop names,SELECT shop.name FROM shop WHERE shop.shop_id = 'no',SELECT name FROM shop WHERE shop_id NOT IN (SELECT shop_id FROM hiring),tianyi,c97447c2-1c8c-443b-9827-77a9e21be50f,D1,zhengning,8d48939c-97b8-43c6-ae09-7523478351ff,F4
40,40,1579,Give the ids for documents that have the budget description 'Government'.,SELECT documents.document_id FROM documents WHERE documents.document_description = 'Government',"SELECT T1.document_id FROM Documents_with_expenses AS T1 JOIN Ref_Budget_Codes AS T2 ON T1.Budget_Type_code  =  T2.Budget_Type_code WHERE T2.budget_type_Description  =  ""Government""",tianyi,4e7c1879-28d6-408b-b796-c35d29085b47,"CL1, CE2",zhengning,ae5d0eb5-ad4b-4138-b5a3-ac60d8a9accc,"CL1, CE3"
41,41,2148,What is the total amount of grant money for research?,SELECT SUM( grants.grant_amount ) FROM grants WHERE grants.grant_id = 'research',SELECT sum(grant_amount) FROM Grants AS T1 JOIN Organisations AS T2 ON T1.organisation_id  =  T2.organisation_id JOIN organisation_Types AS T3 ON T2.organisation_type  =  T3.organisation_type WHERE T3.organisation_type_description  =  'Research',tianyi,81adfe16-e0b0-44b0-8a5e-5e36d0d7f11f,"D1a, BF4, CF5, CE2",zhengning,9bf6dc8f-7c82-44d8-bcf0-f888c5fc5456,"CE2, BF4"
42,42,2152,"For each project id, how many staff does it have? List them in increasing order.","SELECT project_staff.project_id , COUNT( * ) FROM project_staff GROUP BY project_staff.project_id","SELECT T1.project_id ,  count(*) FROM Project_Staff AS T1 JOIN Projects AS T2 ON T1.project_id  =  T2.project_id GROUP BY T1.project_id ORDER BY count(*) ASC",tianyi,0e61684f-1f75-40e9-82ee-8424e5c83000,"CE2, KA1b",zhengning,0c1ff03b-3cce-4a4b-978f-37dfc7523984,"KA1b, CE2"
43,43,584,What are all locations of train stations?,SELECT station.location FROM station JOIN train_station ON station.station_id = train_station.station_id,SELECT DISTINCT LOCATION FROM station,tianyi,5d177f19-98f5-4b6a-aa4d-344a303840e3,E1,zhengning,7aa7f8b7-4348-436b-8355-8d1414ddbbd1,"E1, A1b"
44,44,670,What is the content of the series Sky Radio?,SELECT tv_channel.content FROM tv_channel JOIN tv_series ON tv_channel.id = tv_series.channel WHERE tv_channel.series_name = 'Sky Radio',"SELECT Content FROM TV_Channel WHERE series_name = ""Sky Radio"";",tianyi,8372d19c-5cf7-4926-9417-618a843f722e,E1,zhengning,2c2d8a2d-ac36-4e1e-a0b5-5752773bd5c5,E1
45,45,1100,What is the average rating of songs produced by female artists?,SELECT AVG( song.rating ) FROM artist JOIN song ON artist.artist_name = song.artist_name WHERE artist.gender = 'female',"SELECT avg(T2.rating) FROM artist AS T1 JOIN song AS T2 ON T1.artist_name  =  T2.artist_name WHERE T1.gender  =  ""Female""",tianyi,48b499b6-ba50-49ef-b122-aca72f3eaa23,D1a,zhengning,073b7cb6-6cb6-44a8-aba3-aa5aa5864c82,D1a
46,46,1778,"For each shop, return the number of employees working there and the name of the shop.","SELECT COUNT( * ) , shop.name FROM shop JOIN hiring ON shop.shop_id = hiring.shop_id GROUP BY shop.shop_id","SELECT count(*) ,  t2.name FROM hiring AS t1 JOIN shop AS t2 ON t1.shop_id  =  t2.shop_id GROUP BY t2.name",tianyi,4d14db65-c63b-45e4-8e22-dfff57a09606,BN1,zhengning,b6e97ce5-adac-4038-b9a1-73b98a907b5f,"BL3, BN1"
47,47,603,How many lessons were in cancelled state?,SELECT COUNT( * ) FROM lessons WHERE lessons.lesson_status_code = 'cancelled',"SELECT count(*) FROM Lessons WHERE lesson_status_code = ""Cancelled"";",tianyi,74d1ca0a-8979-4399-ba35-5007ad40d923,D1a,zhengning,5a18c06f-837d-46a6-8610-4ca3675945b3,D1a
48,48,2041,What are the names of photos taken with the lens brand 'Sigma' or 'Olympus'?,SELECT photos.name FROM photos JOIN camera_lens ON photos.camera_lens_id = camera_lens.id WHERE camera_lens.brand = 'Sigma' OR camera_lens.brand = 'Olympus',SELECT T1.name FROM camera_lens AS T1 JOIN photos AS T2 ON T2.camera_lens_id  =  T1.id WHERE T1.brand  =  'Sigma' OR T1.brand  =  'Olympus',tianyi,fe1d16f7-d1dc-4ff0-ad33-9e9e91a8e4f5,CL1,zhengning,df5d5c14-dba7-487e-9d7c-b01f0886a11f,BL3
49,49,107,Find the number of schools that have more than one donator whose donation amount is less than 8.5.,SELECT * FROM endowment WHERE endowment.amount > 8.5 GROUP BY endowment.school_id HAVING COUNT( * ) > 1,SELECT count(*) FROM (SELECT * FROM endowment WHERE amount  >  8.5 GROUP BY school_id HAVING count(*)  >  1),tianyi,6545cf10-b904-4e93-94b5-4814d1a6809f,BL3,zhengning,5419d547-de03-48b4-bf82-68635705c7ed,"L5, CL1"
50,50,2331,"Return the account details with the greatest value, as well as those that include the character 5.",SELECT accounts.account_details FROM accounts WHERE accounts.account_details LIKE '%5%',"SELECT max(Account_details) FROM Accounts UNION SELECT Account_details FROM Accounts WHERE Account_details LIKE ""%5%""",tianyi,feda4881-f816-42b1-846f-9e81d9ef4a75,"L5, A1e, BL3",zhengning,11081fdb-e330-4c4d-9791-788dee483346,L5
51,51,2044,Which programs are never broadcasted in the morning? Give me the names of the programs.,SELECT program.name FROM program JOIN broadcast ON program.program_id = broadcast.program_id WHERE broadcast.time_of_day = 'morning',"SELECT name FROM program EXCEPT SELECT t1.name FROM program AS t1 JOIN broadcast AS t2 ON t1.program_id  =  t2.program_id WHERE t2.Time_of_day  =  ""Morning""",tianyi,3d878c23-791b-437d-a6d6-9448b849fb54,"D1a, A1d",zhengning,a5952f32-3c41-4390-810a-3b72de6f9dd7,"A1d, D1a"
52,52,1102,What is the country of origin of the artist who is female and produced a song in Bangla?,SELECT artist.country FROM artist JOIN song ON artist.artist_name = song.artist_name WHERE artist.gender = 'female' AND song.languages = 'Bangla',"SELECT T1.country FROM artist AS T1 JOIN song AS T2 ON T1.artist_name  =  T2.artist_name WHERE T1.gender  =  ""Female"" AND T2.languages  =  ""bangla""",tianyi,6f5f2ef4-e742-4677-9ad6-ba40cb9796c2,D1a,zhengning,4cefcee0-c6df-4448-bed6-0aa9f7082c16,D1a
53,53,1211,What are the names of the ships  that are from either the US or the UK?,SELECT ship.name FROM ship WHERE ship.nationality NOT IN (SELECT AVG( ship.name ) FROM ship ORDER BY ship.nationality ASC LIMIT ship.nationality),"SELECT Name FROM ship WHERE Nationality  =  ""United States"" OR Nationality  =  ""United Kingdom""",tianyi,f80938b3-4edd-4a1a-9f3f-73857a3be276,"F4, F3",zhengning,65f09548-1008-4ffd-9c93-a32ed7e53bea,"F4, F3"
54,54,2269,How many female students live in Smith Hall?,SELECT COUNT( * ) FROM student JOIN lives_in ON student.stuid = lives_in.stuid JOIN dorm ON dorm.dormid = lives_in.dormid WHERE dorm.dorm_name = 'Smith Hall' AND student.sex = 'f',SELECT count(*) FROM student AS T1 JOIN lives_in AS T2 ON T1.stuid  =  T2.stuid JOIN dorm AS T3 ON T3.dormid  =  T2.dormid WHERE T3.dorm_name  =  'Smith Hall' AND T1.sex  =  'F',tianyi,b217c1aa-da5f-4e64-8047-beda2d2f8fad,D1a,zhengning,49bb3846-49b5-459f-8ab8-20777d85df37,D1a
55,55,2330,What are the account details with the largest value or with value having char '5' in it?,SELECT accounts.account_details FROM accounts WHERE accounts.account_details LIKE '%5%',"SELECT max(Account_details) FROM Accounts UNION SELECT Account_details FROM Accounts WHERE Account_details LIKE ""%5%""",tianyi,4e05b52e-23d5-4a96-862b-74db940048d4,"A1e, L5",zhengning,e742d738-e95e-40b6-aaf0-2fbeb616ee98,"A1e, L4"
56,56,2368,What are the names of all stadiums that did not have a concert in 2014?,SELECT stadium.name FROM stadium WHERE stadium.stadium_id NOT IN (SELECT concert.stadium_id FROM stadium WHERE concert.year = 2014),SELECT name FROM stadium EXCEPT SELECT T2.name FROM concert AS T1 JOIN stadium AS T2 ON T1.stadium_id  =  T2.stadium_id WHERE T1.year  =  2014,tianyi,dd0edef2-ee88-4b34-a276-a29e85199ba6,A1d,zhengning,fd11a04f-6f86-4f70-8efc-fd2b7d4b89be,A1d
57,57,2172,What are the names of the people who have no friends who are students?,SELECT person.name FROM person EXCEPT SELECT personfriend.name FROM personfriend WHERE personfriend.friend = 'students',SELECT name FROM person EXCEPT SELECT T2.name FROM Person AS T1 JOIN PersonFriend AS T2 ON T1.name  =  T2.friend WHERE T1.job  =  'student',tianyi,029c7240-925b-43ec-b1a9-ab62f6056cd8,CE2,zhengning,f85f16e3-276a-48eb-aaed-e660e4574a4f,CE2
58,58,2053,What is the name of the patient who made the most recent appointment?,SELECT patient.name FROM appointment JOIN patient ON appointment.patient = patient.ssn ORDER BY appointment.appointmentid ASC LIMIT 1,SELECT T1.name FROM patient AS T1 JOIN appointment AS T2 ON T1.ssn = T2.patient ORDER BY T2.start DESC LIMIT 1,tianyi,dae3b469-ecf0-458a-9176-ac88d1803ad7,K2,zhengning,0434d00a-74c7-40f6-b408-d2aad071ebfd,K2
59,59,788,Find the schools that were either founded after 1850 or public.,SELECT university.school FROM university WHERE university.founded > 1850 OR university.affiliation = 'public',SELECT school FROM university WHERE founded  >  1850 OR affiliation  =  'Public',tianyi,2ddd4341-1cff-404e-8c1e-0b8ab0d65925,D1a,zhengning,09e82c86-a5ed-4a27-b8a1-dbdbfec1a084,D1a
60,60,2295,What are the ids of all female students who play football?,SELECT sportsinfo.stuid FROM sportsinfo WHERE student.sex = 'f' AND sportsinfo.sportname = 'football',"SELECT StuID FROM Student WHERE sex  =  'F' INTERSECT SELECT StuID FROM Sportsinfo WHERE sportname  =  ""Football""",tianyi,01778dcf-23bd-46d7-8339-c1612e060973,"D1a, A1g",zhengning,a09085da-6baf-4bd0-99a1-48b85c9b7d8b,"D1a, A1g"
61,61,1678,What is the number of routes whose destinations are Italian airports?,SELECT COUNT( * ) FROM routes JOIN airports ON routes.dst_apid = airports.apid WHERE airports.country = 'Italian',SELECT count(*) FROM routes AS T1 JOIN airports AS T2 ON T1.dst_apid  =  T2.apid WHERE T2.country  =  'Italy',tianyi,64c3c476-4ced-4ff4-b24e-a528792fd779,D1c,zhengning,4b07c241-5633-4057-a2b8-4582bc54b90b,D1c
62,62,253,"How many team franchises are active, with active value 'Y'?",SELECT COUNT( * ) FROM team_franchise WHERE team_franchise.active = 'y',SELECT count(*) FROM team_franchise WHERE active = 'Y';,tianyi,243ed805-7591-4614-bf94-dfe9c82db5bb,D1a,zhengning,a5030b99-5e00-4f24-be7c-c599953f59fd,D1a
63,63,1344,"What are the number of international and domestic passengers of the airport named London ""Heathrow""?","SELECT airport.international_passengers , airport.domestic_passengers FROM airport WHERE airport.airport_name = 'Heathrow'","SELECT International_Passengers ,  Domestic_Passengers FROM airport WHERE Airport_Name  =  ""London Heathrow""",tianyi,589ebce4-0507-4df4-aa62-870904bc4408,D1,zhengning,64e6cfec-27bb-488b-9611-f2c4ce0f0241,D1c
64,64,479,What are the names of the all-female dorms?,SELECT dorm.dorm_name FROM dorm WHERE dorm.gender = 'f',SELECT dorm_name FROM dorm WHERE gender  =  'F',tianyi,715ac837-6123-4e45-b519-69561e6c2c0d,D1a,zhengning,a600063e-6b69-46c0-a786-ab908c452a6e,D1a
65,65,2034,"For each year, return the year and the number of times the team Boston Red Stockings won in the postseasons.","SELECT team.year , COUNT( * ) FROM postseason JOIN team ON postseason.team_id_loser = team.year WHERE team.name = 'Boston Red Stockings'","SELECT count(*) ,  T1.year FROM postseason AS T1 JOIN team AS T2 ON T1.team_id_winner  =  T2.team_id_br WHERE T2.name  =  'Boston Red Stockings' GROUP BY T1.year",tianyi,08f55d70-26cc-4c3a-9fb0-94b5d28a184d,"BE5, AN2",zhengning,c234cd21-8cfc-46af-9f29-f85deab22b05,"CL1, BE5, AN2"
66,66,665,"List all cartoon directed by ""Ben Jones"".",SELECT cartoon.directed_by FROM cartoon WHERE cartoon.directed_by = 'Ben Jones',"SELECT Title FROM Cartoon WHERE Directed_by = ""Ben Jones"";",tianyi,96901265-14e7-4032-b257-eb3463f5ac27,BL1,zhengning,2fd1ae6e-4496-4ddf-a7ac-a51aecdf57cf,BL1
67,67,2147,What is the total grant amount of the organisations described as research?,SELECT SUM( grants.grant_amount ) FROM grants JOIN organisation_types ON grants.organisation_id = organisation_types.organisation_type WHERE organisation_types.organisation_type_description = 'research',SELECT sum(grant_amount) FROM Grants AS T1 JOIN Organisations AS T2 ON T1.organisation_id  =  T2.organisation_id JOIN organisation_Types AS T3 ON T2.organisation_type  =  T3.organisation_type WHERE T3.organisation_type_description  =  'Research',tianyi,8419ce9e-0008-460b-9bf6-4b1bbe25f5a7,"D1a, CE3, BE5",zhengning,63d3b255-9544-46be-b757-cc862c25fc8e,"CE2, D1a"
68,68,2169,Find the name and age of the person who is a friend of Dan or Alice.,"SELECT person.name , person.age FROM person JOIN personfriend ON person.name = personfriend.name WHERE personfriend.friend = 'Dan' OR personfriend.friend = 'Alice'","SELECT DISTINCT T1.name ,  T1.age FROM Person AS T1 JOIN PersonFriend AS T2 ON T1.name  =  T2.name WHERE T2.friend  =  'Dan' OR T2.friend  =  'Alice'",tianyi,860bcb32-9d61-4cf5-909b-019767203610,A1b,zhengning,7628e1cc-47b2-4a67-a932-1c8dad0ac9c8,A1b
69,69,1672,What are the cities that have more than 2 airports sorted by number of airports?,SELECT airports.city FROM airports GROUP BY airports.city HAVING COUNT( * ) > 2,SELECT city FROM airports GROUP BY city HAVING count(*)  >  2 ORDER BY count(*),tianyi,aa426267-4495-46a3-ad9c-eacaacb84fdb,KA1b,zhengning,aef2c359-afd5-45ef-9d07-b93f66e3d42b,KA1b
70,70,1697,When was the order placed whose shipment tracking number is 3452? Give me the date.,SELECT orders.date_order_placed FROM orders JOIN shipments ON orders.order_id = shipments.order_id WHERE shipments.shipment_tracking_number = 3,SELECT T1.date_order_placed FROM orders AS T1 JOIN shipments AS T2 ON T1.order_id = T2.order_id WHERE T2.shipment_tracking_number = 3452,tianyi,cdd44cc2-76aa-4924-b2bd-68fd33314814,D1,zhengning,6620b793-5c89-428f-a07a-8d84fb042fbe,D1
71,71,2377,How many car makers are there in each continents? List the continent name and the count.,"SELECT continents.continent , COUNT( * ) FROM countries JOIN continents ON countries.continent = continents.contid GROUP BY continents.continent","SELECT T1.Continent ,  count(*) FROM CONTINENTS AS T1 JOIN COUNTRIES AS T2 ON T1.ContId  =  T2.continent JOIN car_makers AS T3 ON T2.CountryId  =  T3.Country GROUP BY T1.Continent;",tianyi,7eeef233-5958-4c10-ae22-adc94d23b8ae,CE2,zhengning,fdc5731d-d39f-4a73-883c-9133d9038d2f,CE2
72,72,2376,What are the different models for the cards produced after 1980?,SELECT DISTINCT model_list.model FROM cars_data JOIN model_list ON cars_data.id = model_list.modelid WHERE cars_data.year > 1980,SELECT DISTINCT T1.model FROM MODEL_LIST AS T1 JOIN CAR_NAMES AS T2 ON T1.model  =  T2.model JOIN CARS_DATA AS T3 ON T2.MakeId  =  T3.id WHERE T3.year  >  1980;,tianyi,3ed257a6-e0a5-4451-a9b9-a50b0b4f4609,"CE2, BE5",zhengning,2effdbf1-516d-4fdc-bc5b-7d164386e3ff,CE2
73,73,618,What is the count of cities with more than 3 airports?,"SELECT airports.city , COUNT( * ) FROM airports GROUP BY airports.city HAVING COUNT( * ) > 3",SELECT count(*) FROM (SELECT city FROM airports GROUP BY city HAVING count(*)  >  3),tianyi,78c8d919-ef42-48a0-ae21-b63c97aa7038,BL2,zhengning,a91fca36-a342-4ce2-8614-da95837e233f,BL2
74,74,2383,Which model has the most version(make) of cars?,SELECT model_list.model FROM model_list JOIN car_names ON model_list.modelid = car_names.model GROUP BY model_list.model ORDER BY COUNT( * ) DESC LIMIT 1,SELECT Model FROM CAR_NAMES GROUP BY Model ORDER BY count(*) DESC LIMIT 1;,tianyi,56323018-b626-475e-9a2e-10a7645c3229,"E1, CL1",zhengning,616b212e-f273-4fd6-9f78-692046916e28,CL1
75,75,2074,What are the procedures that cost more than 1000 or are specialized in by physician John Wen?,SELECT procedures.name FROM trained_in JOIN physician ON trained_in.treatment = physician.employeeid JOIN trained_in ON physician.employeeid = trained_in.physician WHERE physician.name = 'John Wen' OR procedures.cost > 1000,"SELECT name FROM procedures WHERE cost  >  1000 UNION SELECT T3.name FROM physician AS T1 JOIN trained_in AS T2 ON T1.employeeid  =  T2.physician JOIN procedures AS T3 ON T3.code  =  T2.treatment WHERE T1.name  =  ""John Wen""",tianyi,e08f12c5-a4cb-4049-ba09-5f46b5549e2c,"F1, A1e, E1, BE5",zhengning,196701c0-103e-4db4-9fb2-5f31370f3891,A1e
76,76,492,Find the number of dorms that have some amenity.,"SELECT dorm.dormid , COUNT( * ) FROM dorm JOIN has_amenity ON dorm.dormid = has_amenity.dormid GROUP BY dorm.dormid",SELECT count(DISTINCT dormid) FROM has_amenity,tianyi,7d042f7a-1762-49e4-8740-5314ba67dd6f,"E1, F3, BL2, CL1",zhengning,500bD13-953d-41aa-ba3c-a22ea25ac5d1,"BL2, CL1, E1"
77,77,1702,What are the invoice numbers created before 1989-09-03 or after 2007-12-25?,SELECT invoices.invoice_number FROM invoices WHERE invoices.invoice_date > '1989-09-03' OR invoices.invoice_date<'2007-12-25',"SELECT invoice_number FROM invoices WHERE invoice_date < ""1989-09-03"" OR invoice_date > ""2007-12-25""",tianyi,1758188f-7473-425f-aab6-c661b65bb3e4,F1,zhengning,73c355f3-f91c-4f0e-b287-914fa406c524,F1
78,78,1170,Find the names of the channels that are broadcast in the morning.,SELECT channel.name FROM channel JOIN broadcast ON channel.channel_id = broadcast.channel_id WHERE broadcast.time_of_day = 'morning',SELECT t1.name FROM channel AS t1 JOIN broadcast AS t2 ON t1.channel_id  =  t2.channel_id WHERE t2.time_of_day  =  'Morning',tianyi,e1e007e8-ecda-40eb-b212-d5898fb0a1da,D1a,zhengning,e9f74885-7d9e-44e4-8b75-5d5485fdd0b1,D1a
79,79,1150,What is the total home game attendance of team Boston Red Stockings from 2000 to 2010?,SELECT SUM( home_game.attendance ) FROM home_game JOIN team ON home_game.team_id = team.team_id_br WHERE team.name = 'Boston Red Stockings' AND home_game.games BETWEEN 2000 and 2010,SELECT sum(T1.attendance) FROM home_game AS T1 JOIN team AS T2 ON T1.team_id  =  T2.team_id_br WHERE T2.name  =  'Boston Red Stockings' AND T1.year BETWEEN 2000 AND 2010;,tianyi,b7280195-21e6-4192-a350-82792029e029,BF4,zhengning,537db424-019e-43b3-870d-ead531447622,BF4
80,80,2079,Find the names of patients who are not using the medication of Procrastin-X.,SELECT patient.name FROM patient,SELECT name FROM patient EXCEPT SELECT T1.name FROM patient AS T1 JOIN Prescribes AS T2 ON T2.Patient  =  T1.SSN JOIN Medication AS T3 ON T2.Medication  =  T3.Code WHERE T3.name  =  'Procrastin-X',tianyi,5dc4a20b-f4a6-4a30-bdd1-02ac8a5b6516,"A1d, F4",zhengning,6e4e44ce-8ab1-4101-8855-6baa2b2ba513,A1d
81,81,2386,What is the number of cars with a greater accelerate than the one with the most horsepower?,SELECT COUNT( * ) FROM cars_data ORDER BY cars_data.horsepower DESC LIMIT 1,SELECT COUNT(*) FROM CARS_DATA WHERE Accelerate  >  ( SELECT Accelerate FROM CARS_DATA ORDER BY Horsepower DESC LIMIT 1 );,tianyi,435127aa-7aec-403c-ba6f-95023e5253fb,F4,zhengning,5465070f-1f72-4e33-ab06-12f85adcf2c0,F4
82,82,555,Find the last name of the individuals that have been contact individuals of an organization.,SELECT individuals.individual_last_name FROM individuals JOIN organization_contact_individuals ON individuals.individual_id = organization_contact_individuals.individual_id,SELECT DISTINCT t1.individual_last_name FROM individuals AS t1 JOIN organization_contact_individuals AS t2 ON t1.individual_id  =  t2.individual_id,tianyi,e65cf147-7d6b-463d-8b49-2dd103308273,A1b,zhengning,8c9219a1-f1fd-47ba-bbbc-adf12d726c85,A1b
83,83,2297,What are the ids of all male students who do not play football?,SELECT sportsinfo.stuid FROM sportsinfo,"SELECT StuID FROM Student WHERE sex  =  'M' EXCEPT SELECT StuID FROM Sportsinfo WHERE sportname  =  ""Football""",tianyi,7ce8d573-5305-489b-bc13-d455bbf10442,"CL1, F4, A1d",zhengning,e188fca9-a9a9-4277-892e-0f75e61414b9,"F4, A1d, CL1"
84,84,2345,What is the first name of all employees who do not give any lessons?,SELECT staff.first_name FROM staff WHERE staff.staff_id NOT IN (SELECT lessons.staff_id FROM lessons),SELECT first_name FROM Staff EXCEPT SELECT T2.first_name FROM Lessons AS T1 JOIN Staff AS T2 ON T1.staff_id  =  T2.staff_id,tianyi,2c042571-db07-40a2-9889-3f9d230b95f3,BL3,zhengning,3909a4de-5921-4bad-b52c-5aba9febfbb0,A1d
85,85,621,"Find the id of the order whose shipment tracking number is ""3452"".",SELECT shipments.shipment_id FROM shipments WHERE shipments.shipment_tracking_number = '3452',"SELECT order_id FROM shipments WHERE shipment_tracking_number = ""3452""",tianyi,f1cdb918-142e-4d70-9e97-84cf4c265e5a,BL1,zhengning,e8a6200f-66ca-4123-850c-3736cfac73f9,BL1
86,86,1955,Find the name of customers who do not have a loan with a type of Mortgages.,SELECT customer.cust_name FROM customer EXCEPT SELECT customer.cust_name FROM customer JOIN loan ON customer.cust_id = loan.cust_id WHERE loan.loan_type != 'Mortgages',SELECT cust_name FROM customer EXCEPT SELECT T1.cust_name FROM customer AS T1 JOIN loan AS T2 ON T1.cust_id  =  T2.cust_id WHERE T2.loan_type  =  'Mortgages',tianyi,4f5314b7-2492-4e7e-b195-49f6f7ee4890,A1a,zhengning,add783f7-c7b1-4e10-9215-64304a245561,A1a
87,87,1962,What are the names of banks that have loaned money to customers with credit scores below 100?,SELECT bank.bname FROM customer JOIN bank ON customer.branch_id = bank.branch_id WHERE customer.credit_score<100,SELECT T2.bname FROM loan AS T1 JOIN bank AS T2 ON T1.branch_id  =  T2.branch_id JOIN customer AS T3 ON T1.cust_id  =  T3.cust_id WHERE T3.credit_score  <  100,tianyi,44a25f09-82e4-4df7-9135-59d7c70e1de2,CE2,zhengning,a80469cc-054c-4123-a94b-c9abfb40e2ee,CE2
88,88,1856,Find the names of customers who either have an deputy policy or uniformed policy.,SELECT DISTINCT customers.customer_details FROM policies JOIN customers ON policies.customer_id = customers.customer_id WHERE policies.policy_type_code = 'deputy' OR policies.policy_type_code = 'uniformed',"SELECT DISTINCT t2.customer_details FROM policies AS t1 JOIN customers AS t2 ON t1.customer_id  =  t2.customer_id WHERE t1.policy_type_code  =  ""Deputy"" OR t1.policy_type_code  =  ""Uniform""",tianyi,93d559e7-e254-43e6-a3e4-30183110e0cd,"D1a, D1c",zhengning,39d06d28-17ce-4c97-a116-93fe3edcbb4d,D1a
89,89,1287,Find the name and age of all males in order of their age.,SELECT person.name FROM person WHERE person.gender = 'males' ORDER BY person.age ASC,SELECT name FROM Person WHERE gender  =  'male' ORDER BY age,tianyi,98ec22f8-ff91-49f6-97ec-149af63893ca,D1b,zhengning,601ab0c5-8c07-4cf0-98a5-98871a695e6b,D1b
90,90,285,Tell me the distinct block codes where some rooms are available.,SELECT DISTINCT room.blockcode FROM room WHERE room.unavailable = 1,SELECT DISTINCT blockcode FROM room WHERE unavailable  =  0,tianyi,e4960cd0-1a5d-4450-9a13-ede32a42c0da,D1,zhengning,fdb858d5-db61-498b-af3a-d43ec688a0db,D1
91,91,1456,How many girl students who are younger than 25?,SELECT COUNT( * ) FROM student WHERE student.sex = 'f' AND student.age<25,SELECT count(*) FROM student WHERE sex  =  'F' AND age  <  25,tianyi,d7adc0e3-8499-4fa6-a63d-d78ec500ebc4,D1a,zhengning,3f6c448d-a108-4dca-8231-a91c94111349,D1a
92,92,1602,What is the nickname of the employee named Janessa Sawayn?,SELECT staff.nickname FROM staff WHERE staff.first_name = 'Janessa' AND staff.last_name = 'Janessa Sawayn',"SELECT nickname FROM Staff WHERE first_name = ""Janessa"" AND last_name = ""Sawayn"";",tianyi,d33d57dc-24ad-46a8-91e5-14504fc9b26a,D1,zhengning,27a07b37-d837-4964-9cb2-012e0d222b33,D1
93,93,1839,List all of the player ids with a height of at least 180cm and an overall rating higher than 85.,SELECT player.player_api_id FROM player JOIN player_attributes ON player.player_fifa_api_id = player_attributes.player_api_id WHERE player.height >= 180 AND player_attributes.overall_rating > 85,SELECT player_api_id FROM Player WHERE height  >=  180 INTERSECT SELECT player_api_id FROM Player_Attributes WHERE overall_rating  >  85,tianyi,f889fbd4-354b-4ee3-bbdb-61dc2af32351,E1,zhengning,3ed6df95-6165-4d99-9369-05e65c92f5ab,"A1g, E1"
94,94,613,Find the name of airports whose altitude is between -50 and 50.,SELECT airports.name FROM airports WHERE airports.elevation BETWEEN 50 and 50,SELECT name FROM airports WHERE elevation BETWEEN -50 AND 50,tianyi,f40ebca2-ddef-4a36-8374-a9672ed065f1,D1,zhengning,350ae1dc-e0ce-4409-8140-72b94445c215,D1
95,95,2015,Find the name and country of origin for all artists who have release at least one song of resolution above 900.,"SELECT DISTINCT artist.artist_name , artist.country FROM artist JOIN song ON artist.artist_name = song.artist_name WHERE song.resolution > 900","SELECT T1.artist_name ,  T1.country FROM artist AS T1 JOIN song AS T2 ON T1.artist_name  =  T2.artist_name WHERE T2.resolution  >  900 GROUP BY T2.artist_name HAVING count(*)  >=  1",tianyi,5e5d291a-1513-40b0-a06a-1c4130eabe59,"A2a, AN2, A1f",zhengning,59db7b1d-584b-4ea8-ab7c-dcd8c0edc810,"AN2, A1f, A1b"
96,96,2217,What are the names of all schools that have students trying out for the position of goal and 'mid'-field.,SELECT tryout.cname FROM tryout WHERE tryout.ppos = 'goal' INTERSECT SELECT tryout.cname FROM tryout WHERE tryout.ppos = 'mid',SELECT cName FROM  tryout WHERE pPos  =  'goalie' INTERSECT SELECT cName FROM  tryout WHERE pPos  =  'mid',tianyi,9c3ccb49-fb5f-4a55-9454-2b32c9a45d0f,D1,zhengning,fbf496be-7eda-4e9a-8d5f-ffaee2f1db75,D1
97,97,1144,How many players were in the team Boston Red Stockings in 2000?,SELECT COUNT( * ) FROM salary JOIN team ON salary.team_id = team.team_id_br WHERE team.name = 'Boston Red Stockings' AND salary.salary = 2000,SELECT count(*) FROM salary AS T1 JOIN team AS T2 ON T1.team_id  =  T2.team_id_br WHERE T2.name  = 'Boston Red Stockings' AND T1.year  =  2000,tianyi,a22cc026-68f8-420c-948c-4d150a31a933,BF4,zhengning,1c58c387-10d2-4c29-a6b4-f855ca6159ee,BF4
98,98,1252,When did researchers start and stop working?,"SELECT project_staff.date_from , project_staff.date_to FROM project_staff WHERE project_staff.role_code = 'researchers'","SELECT date_from ,  date_to FROM Project_Staff WHERE role_code  =  'researcher'",tianyi,4a66f570-91dc-4ac3-bcd2-375157e571d9,D1b,zhengning,9f9a986f-b02b-4338-b0f7-f8ffc3743be7,D1c
99,99,2009,What are the maximum duration and resolution of songs grouped and ordered by languages?,"SELECT MAX( files.duration ) , AVG( song.resolution ) FROM files JOIN song ON files.f_id = song.f_id ORDER BY song.languages ASC","SELECT max(T1.duration) ,  max(T2.resolution) ,  T2.languages FROM files AS T1 JOIN song AS T2 ON T1.f_id  =  T2.f_id GROUP BY T2.languages ORDER BY T2.languages",tianyi,aeb41bbe-73cd-4d30-a5f0-65a6fe542b4d,AN2,zhengning,077087bd-2ecf-4421-a486-2e027063611d,"BL3, L4, AN2"
100,100,775,What are the public schools and what are their locations?,"SELECT university.school , university.location FROM university WHERE university.affiliation = 'public'","SELECT school ,  LOCATION FROM university WHERE affiliation  =  'Public'",tianyi,00aa83f4-6d9e-4ead-a1df-96f4a9868549,D1a,zhengning,bee7fbe6-434a-46d6-8636-d4fb83b6d600,D1a
101,101,2056,Find the number of patients' prescriptions physician John Dorian made.,SELECT COUNT( * ) FROM physician JOIN prescribes ON physician.employeeid = prescribes.physician WHERE physician.name = 'John',"SELECT count(T1.SSN) FROM patient AS T1 JOIN prescribes AS T2 ON T1.SSN  =  T2.patient JOIN physician AS T3 ON T2.physician  =  T3.employeeid WHERE T3.name = ""John Dorian""",tianyi,bb620645-4dc9-4a66-8366-fa92f09312c6,"D1, CE2, BL1",zhengning,960adefa-eae9-498e-931a-d3eb33ff0703,"BL1, D1, CE2"
102,102,2350,"Find the number of routes and airport name for each source airport, order the results by decreasing number of routes.","SELECT routes.src_ap , airports.name , COUNT( * ) FROM routes JOIN airports ON routes.src_apid = airports.apid GROUP BY routes.src_ap ORDER BY COUNT( * ) DESC","SELECT count(*) ,  T1.name FROM airports AS T1 JOIN routes AS T2 ON T1.apid  =  T2.src_apid GROUP BY T1.name ORDER BY count(*) DESC",tianyi,7dec5a85-f5ae-413e-81e0-b710b83d333f,"BL2, BN1",zhengning,c9982fb5-049b-4959-8d27-d4cc5a099a0e,"BL2, BN1"
103,103,2292,Show student ids who are on scholarship and have major 600.,SELECT sportsinfo.onscholarship FROM sportsinfo JOIN student ON sportsinfo.stuid = student.stuid WHERE student.major = 600 AND sportsinfo.onscholarship = 'y',SELECT StuID FROM Student WHERE major  =  600 INTERSECT SELECT StuID FROM Sportsinfo WHERE onscholarship  =  'Y',tianyi,916f5b31-a45d-425d-a546-f43ff09ee3cd,"D1a, BL1, CL1",zhengning,e3992ad1-0d75-4f46-93da-8761c106dc27,"D1a, CL1, E1"
104,104,1756,What is the number of car models created by the car maker American Motor Company?,SELECT COUNT( * ) FROM model_list JOIN car_makers ON model_list.maker = car_makers.id WHERE car_makers.maker = 'American Motor Company',SELECT count(*) FROM CAR_MAKERS AS T1 JOIN MODEL_LIST AS T2 ON T1.Id  =  T2.Maker WHERE T1.FullName  =  'American Motor Company';,tianyi,17c08518-c7ff-4697-a2fd-681899f59628,BF4,zhengning,29ea4d2d-4163-4727-b359-4d625d03a762,CL1
105,105,789,What are the schools that were either founded before 1850 or are public?,SELECT university.school FROM university WHERE university.founded > 1850 OR university.affiliation = 'public',SELECT school FROM university WHERE founded  >  1850 OR affiliation  =  'Public',tianyi,01dc0e6e-35a2-4e20-8191-75c58fd8d6e6,D1a,zhengning,bf3c0713-bcca-41fe-b8cb-c1884a5eaab6,D1a
106,106,1868,Show all product names and the number of customers having an order on each product.,"SELECT products.product_color , COUNT( * ) FROM order_items JOIN products ON order_items.product_id = products.product_id JOIN order_items ON orders.order_id = order_items.order_id GROUP BY order_items.product_id","SELECT T2.product_name ,  count(*) FROM Order_items AS T1 JOIN Products AS T2 ON T1.product_id  =  T2.product_id JOIN Orders AS T3 ON T3.order_id  =  T1.order_id GROUP BY T2.product_name",tianyi,41de7555-1a52-42d1-96b4-e8248cf14c8b,"BL1, BN1",zhengning,cccbe683-98a3-4cd5-9b4d-411fd5711ed7,BL1
107,107,1327,"What are the last names of female students, ordered by age descending?",SELECT student.lname FROM student WHERE student.sex = 'f' ORDER BY student.age DESC,"SELECT LName FROM STUDENT WHERE Sex  =  ""F"" ORDER BY Age DESC",tianyi,4d4d9d36-673c-4ba3-b2c1-f01ae131f0b2,D1a,zhengning,8515b906-2cec-4bb7-ae9d-6c690a5d1319,D1a
108,108,2006,What are the names of all singers that are from the UK and released a song in English?,SELECT artist.artist_name FROM artist JOIN song ON artist.artist_name = song.artist_name WHERE artist.country = 'UK' AND song.languages = 'English',"SELECT artist_name FROM artist WHERE country  =  ""UK"" INTERSECT SELECT T1.artist_name FROM artist AS T1 JOIN song AS T2 ON T1.artist_name  =  T2.artist_name WHERE T2.languages  =  ""english""",tianyi,320f1e22-6cf8-4362-8d80-e9dec5197cd3,D1a,zhengning,aef54ad0-32ed-4378-89f6-470427b57599,A1g
109,109,2005,Return the names of singers who are from UK and released an English song.,SELECT artist.artist_name FROM artist JOIN song ON artist.artist_name = song.artist_name WHERE artist.country = 'UK' AND song.languages = 'English',"SELECT artist_name FROM artist WHERE country  =  ""UK"" INTERSECT SELECT T1.artist_name FROM artist AS T1 JOIN song AS T2 ON T1.artist_name  =  T2.artist_name WHERE T2.languages  =  ""english""",tianyi,424ef0bc-a0d1-42d6-aff4-21e9ab18b264,D1a,zhengning,4f9b6972-8e7e-490e-a5eb-c5e8a1c85a6d,"D1a, A1g"
110,110,681,find id of the tv channels that from the countries where have more than two tv channels.,SELECT tv_channel.id FROM tv_channel GROUP BY tv_channel.id HAVING COUNT( * ) > 2,SELECT id FROM tv_channel GROUP BY country HAVING count(*)  >  2,tianyi,c75d55f2-0e62-406f-8eb9-41e39d947df0,BN1,zhengning,d143aafd-74e3-42a5-8675-1ce334aa5566,BN1
111,111,1325,What are the rooms for members of the faculty who are professors and who live in building NEB?,SELECT faculty.room FROM faculty WHERE faculty.rank = 'professors' AND faculty.building = 'NEB',"SELECT Room FROM FACULTY WHERE Rank  =  ""Professor"" AND Building  =  ""NEB""",tianyi,00aa74c0-daa2-4934-baf7-09d893f6fa73,"D1a, D1b",zhengning,2bd1b7dc-bce3-4453-88ce-00846fdf16ab,"D1b, D1a"
112,112,2215,Which colleges does each player with a name that starts with the letter D  who tried out go to?,SELECT tryout.cname FROM tryout JOIN player ON tryout.pid = player.pid WHERE player.pname LIKE '%D%',SELECT T1.cName FROM  tryout AS T1 JOIN player AS T2 ON T1.pID  =  T2.pID WHERE T2.pName LIKE 'D%',tianyi,a819c357-dfb2-470a-a40f-a0b204a5196e,D1,zhengning,dbefde4e-eb74-40cc-ae83-5e95d4e3335a,D1c
113,113,2219,What are the names of the schools with some players in the mid position but no goalies?,SELECT tryout.cname FROM tryout WHERE tryout.ppos = 'mid' EXCEPT SELECT tryout.cname FROM tryout WHERE tryout.ppos = 'goalies',SELECT cName FROM  tryout WHERE pPos  =  'mid' EXCEPT SELECT cName FROM  tryout WHERE pPos  =  'goalie',tianyi,ad862ea3-38ee-42de-bd63-c18b74d3d43a,D1b,zhengning,a8aad989-ff4a-4ed6-ae45-7621be88870e,D1b
114,114,45,How many medicines have the FDA approval status 'No' ?,SELECT COUNT( * ) FROM medicine WHERE medicine.fda_approved = 'no',SELECT count(*) FROM medicine WHERE FDA_approved  =  'No',tianyi,44ba9887-de3b-44e4-bcff-ee13bfd284ef,D1a,zhengning,cfba9642-1537-4287-9185-a1f0e9a69b85,D1a
115,115,1611,List the states which have between 2 to 4 staffs living there.,SELECT addresses.state_province_county FROM addresses JOIN staff ON addresses.address_id = staff.staff_address_id GROUP BY addresses.state_province_county HAVING COUNT( * ) >= 2,SELECT T1.state_province_county FROM Addresses AS T1 JOIN Staff AS T2 ON T1.address_id = T2.staff_address_id GROUP BY T1.state_province_county HAVING count(*) BETWEEN 2 AND 4;,tianyi,7e57daf3-73d4-458e-89c3-1ecf0363954d,F1,zhengning,28d324e5-e181-4125-922e-6b0761fa88f8,F1
116,116,1608,What is the zip code of the hosue of the employee named Janessa Sawayn?,SELECT addresses.zip_postcode FROM addresses JOIN staff ON addresses.address_id = staff.staff_address_id WHERE staff.first_name = 'Janessa' AND staff.last_name = 'Janessa Sawayn',"SELECT T1.zip_postcode FROM Addresses AS T1 JOIN Staff AS T2 ON T1.address_id = T2.staff_address_id WHERE T2.first_name = ""Janessa"" AND T2.last_name = ""Sawayn"";",tianyi,bd6d3647-5780-4937-b047-08f2372f7a77,D1,zhengning,44f4aeca-4273-4db3-a66a-725ac3a6984b,D1
117,117,2035,List the 3 highest salaries of the players in 2001?,SELECT park.city FROM college WHERE college.city = 2001,SELECT salary FROM salary WHERE YEAR  =  2001 ORDER BY salary DESC LIMIT 3;,tianyi,db30585b-965e-4d73-8d98-8e782534908b,"BL1, KA1b",zhengning,6ea70a8f-413d-42b8-b2f3-bfa63199459b,"KA1b, CL1"
118,118,2338,"List lesson id of all lessons taught by staff with first name as Janessa, last name as Sawayn and nickname containing letter 's'.","SELECT lessons.lesson_id FROM lessons JOIN staff ON lessons.staff_id = staff.staff_id WHERE staff.first_name = 'Janessa, last name as Sawayn' AND staff.last_name = 's'","SELECT T1.lesson_id FROM Lessons AS T1 JOIN Staff AS T2 ON T1.staff_id = T2.staff_id WHERE T2.first_name = ""Janessa"" AND T2.last_name = ""Sawayn"" AND nickname LIKE ""%s%"";",tianyi,45396211-5460-47ab-8458-86df86067136,"D1, D1",zhengning,494fe257-50b0-4416-ad33-3588f7f16663,"D1, BF4"
119,119,1115,What are the names of all male British artists?,SELECT artist.artist_name FROM artist WHERE artist.gender = 'male' AND artist.gender = 'male',"SELECT artist_name FROM artist WHERE country  =  ""UK"" AND gender  =  ""Male""",tianyi,53641903-dd2e-4457-991f-1a987ad29040,F4,zhengning,1f9446af-9b9f-4ae8-a16b-95e9fd118943,"F4, F3, D1a"
120,120,284,What are the unique block codes that have available rooms?,SELECT DISTINCT room.blockcode FROM room WHERE room.unavailable = 1,SELECT DISTINCT blockcode FROM room WHERE unavailable  =  0,tianyi,ddc18010-39c0-4f9c-9077-c80ca262dcf7,D1,zhengning,229aa611-9432-4257-a168-300f80b492b2,D1
121,121,686,Show the name and number of employees for the departments managed by heads whose temporary acting value is 'Yes'?,"SELECT department.name , department.num_employees FROM department JOIN management ON department.department_id = management.department_id WHERE management.temporary_acting = 'yes'","SELECT T1.name ,  T1.num_employees FROM department AS T1 JOIN management AS T2 ON T1.department_id  =  T2.department_id WHERE T2.temporary_acting  =  'Yes'",tianyi,9df7bab3-88ce-4e6a-a390-6136a33f3a54,D1a,zhengning,b6914bcc-588d-45cf-87bd-97637daa8fc2,D1a
122,122,2017,What are the names of the songs whose rating is below the rating of all songs in English?,SELECT song.song_name FROM song WHERE song.rating<(SELECT MIN( song.rating ) FROM song WHERE song.languages = 'English'),SELECT song_name FROM song WHERE rating  <   (SELECT min(rating) FROM song WHERE languages  =  'english'),tianyi,837a992a-090c-46f8-a113-60de79f50465,D1a,zhengning,10d904cc-d729-493d-9183-38023ea4a161,D1a
123,123,2157,What are all the details of the organisations described as 'Sponsor'? Sort the result in an ascending order.,SELECT organisations.organisation_details FROM organisations WHERE organisations.organisation_type = 'Sponsor' ORDER BY organisations.organisation_details ASC,SELECT organisation_details FROM Organisations AS T1 JOIN organisation_Types AS T2 ON T1.organisation_type  =  T2.organisation_type WHERE T2.organisation_type_description  =  'Sponsor' ORDER BY organisation_details,tianyi,9a190165-4141-40f6-8030-f0d6b225e1b5,"CE2, BF4, CF5",zhengning,b3236864-4fec-42fd-b1e6-2b43d6d11120,"CE2, BF4"
124,124,1833,Find the founded year of the newest non public school.,SELECT university.founded FROM university WHERE university.affiliation != 'public' ORDER BY university.founded ASC LIMIT 1,SELECT founded FROM university WHERE affiliation != 'Public' ORDER BY founded DESC LIMIT 1,tianyi,b7ea7a94-b702-45d6-ad30-fc7b764c3e99,"D1a, K2",zhengning,e3823dc2-e398-4ca5-82fa-68c56bb9ef7f,"K2, D1a"
125,125,2158,What are the details of all organizations that are described as Sponsors and sort the results in ascending order?,SELECT organisations.organisation_details FROM organisations WHERE organisations.organisation_type = 'Sponsors' ORDER BY organisations.organisation_details ASC,SELECT organisation_details FROM Organisations AS T1 JOIN organisation_Types AS T2 ON T1.organisation_type  =  T2.organisation_type WHERE T2.organisation_type_description  =  'Sponsor' ORDER BY organisation_details,tianyi,75771b51-1741-4a76-833d-31d66c1b956f,"CE2, D1b",zhengning,14a3cbd3-8471-4a55-ba59-c5bab1aabe88,"D1c, CE2"
126,126,1136,List the maximum scores of the team Boston Red Stockings when the team won in postseason?,SELECT MAX( postseason.league_id_loser ) FROM postseason JOIN team ON postseason.team_id_loser = team.team_id_br WHERE team.name = 'Boston Red Stockings',SELECT max(T1.wins) FROM postseason AS T1 JOIN team AS T2 ON T1.team_id_winner  =  T2.team_id_br WHERE T2.name  =  'Boston Red Stockings';,tianyi,c9720f21-4b27-4d16-bdfb-b49233968f19,"BL1, BE5",zhengning,08390797-7063-48fd-bd55-cc026f141c6d,"BL1, BE5"
127,127,1562,Show the statement detail and the corresponding document name for the statement with detail 'Private Project'.,"SELECT statements.statement_details , documents.document_name FROM statements JOIN documents ON statements.statement_id = documents.document_id WHERE projects.project_details = 'Private Project'","SELECT T1.statement_details ,  T2.document_name FROM Statements AS T1 JOIN Documents AS T2 ON T1.statement_id  =  T2.document_id WHERE T1.statement_details  =  'Private Project'",tianyi,ea3bbb27-27ff-4404-a63f-d1fa3b4bc8e5,"BF4, CF5",zhengning,27277d0a-024c-4895-a7bf-99a62f8d6bae,CF5
128,128,1736,"What is the full name of each car maker, along with its id and how many models it produces?","SELECT car_makers.fullname , COUNT( * ) FROM model_list JOIN car_makers ON model_list.maker = car_makers.id GROUP BY car_makers.id",,,,,,,
