,sql_id,nl_query,sql,GT_sql,zhengn,record_id_y,zhengn_code
0,6,What are all the catalog entry names?,select catalog_name from Catalogs,SELECT distinct(catalog_entry_name) FROM catalog_contents,zhengning,8d1d5224-ca88-4aaa-810f-e8c098ed7d73,"CL1, A1b"
1,13,How many products are there in the records?,select count ( catalog_name ) from Catalogs,SELECT count(*) FROM catalog_contents,zhengning,b0a31c9f-18e4-4a0d-bcb4-151cbda273eb,"CL1, BL1"
2,25,What is the average unit price of all the tracks?,select avg ( UnitPrice ) from InvoiceLine,SELECT AVG(UnitPrice) FROM TRACK,zhengning,e3e14a37-34ec-4bfa-844d-43ce13122b1e,CL1
3,26,Find the average unit price for a track.,select avg ( UnitPrice ) from InvoiceLine,SELECT AVG(UnitPrice) FROM TRACK,zhengning,00531ed2-c8eb-417c-8e11-419a5255d129,CL1
4,35,What are the distinct unit prices of all tracks?,select UnitPrice from InvoiceLine,SELECT distinct(UnitPrice) FROM TRACK,zhengning,af47663e-2321-452c-a00e-7f21cb677f32,"CL1, A1b"
5,36,Find the distinct unit prices for tracks.,select UnitPrice from InvoiceLine,SELECT distinct(UnitPrice) FROM TRACK,zhengning,1528b0a8-cd9a-4615-b7ab-63e23cddbbfa,"A1b, CL1"
6,75,Find the number of distinct stages in claim processing.,select count ( Claim_Stage_ID ) from Claims_Processing,SELECT count(*) FROM claims_processing_stages,zhengning,2cd2b14a-e15f-468c-8360-21cda7f13242,"CL1, BL3"
7,119,What document type codes do we have?,select document_type_code from Documents,SELECT document_type_code FROM Ref_Document_Types;,zhengning,a9169b89-d81c-4a44-b3e0-c7c9ac869046,CL1
8,123,What are all role codes?,select role_code from Employees,SELECT role_code FROM ROLES;,zhengning,a81cf762-95ec-4546-898e-5217251f6ae5,CL1
9,129,What is the mail date of the document with id 7?,select T1.mailing_date from Documents_Mailed as T1 join Documents as T2 on T1.document_id = T2.document_id where T2.document_type_code = 7,SELECT mailing_date FROM Documents_Mailed WHERE document_id = 7;,zhengning,b2e5701e-40d2-46fe-a703-d42ac2090090,"CF5, E1"
10,143,What are the names of entrepreneurs?,select Name from people,SELECT T2.Name FROM entrepreneur AS T1 JOIN people AS T2 ON T1.People_ID  =  T2.People_ID,zhengning,03f102d2-dfae-4dfb-b997-6eecdf9ff0bd,"CL1, CE2"
11,144,Return the names of entrepreneurs.,select Name from people,SELECT T2.Name FROM entrepreneur AS T1 JOIN people AS T2 ON T1.People_ID  =  T2.People_ID,zhengning,e02f1e77-ef01-467e-9343-88fc2710ae43,"CL1, CE2"
12,154,What are the names of perpetrators?,select Name from people,SELECT T1.Name FROM people AS T1 JOIN perpetrator AS T2 ON T1.People_ID  =  T2.People_ID,zhengning,4089bcca-39fe-4770-b94f-c40fd6b3eadc,CE2
13,190,How many customers are there?,select count ( * ) from customer,SELECT sum(no_of_customers) FROM bank,zhengning,28f5a7dd-f643-49c3-9171-606aa14f46fe,"L4, CL1, BL2"
14,191,What is the total number of customers across banks?,select count ( * ) from customer,SELECT sum(no_of_customers) FROM bank,zhengning,6f23242e-f265-4ab9-9c31-0851252eef7b,"L4, CL1, BL1"
15,208,Find the name of bank branches that provided some loans.,select branch_ID from loan,SELECT DISTINCT T1.bname FROM bank AS T1 JOIN loan AS T2 ON T1.branch_id  =  T2.branch_id,zhengning,bfbc76f2-8465-4bcd-a695-db1e011d73fa,"CL1, BL1, A1b, CE2"
16,209,What are the names of the different banks that have provided loans?,select count ( no_of_loans ) from customer,SELECT DISTINCT T1.bname FROM bank AS T1 JOIN loan AS T2 ON T1.branch_id  =  T2.branch_id,zhengning,74cab336-fbc9-43aa-9010-7a682170d2cd,"CL1, BL1, A1b, CE2"
17,303,What are the descriptions of all the project outcomes?,select outcome_description from Research_Outcomes,SELECT T1.outcome_description FROM Research_outcomes AS T1 JOIN Project_outcomes AS T2 ON T1.outcome_code  =  T2.outcome_code,zhengning,64f839d7-13e9-4211-8733-1c87efa36b29,CE2
18,304,List the description of the outcomes for all projects.,select outcome_description from Research_Outcomes,SELECT T1.outcome_description FROM Research_outcomes AS T1 JOIN Project_outcomes AS T2 ON T1.outcome_code  =  T2.outcome_code,zhengning,32c59d0a-2de8-461e-90a8-5ed32bc45288,CE2
19,317,Find the person who has exactly one friend.,select T1.name from Person as T1 join PersonFriend as T2 on T1.name = T2.name group by T2.friend having count ( * ) = 1,SELECT name FROM PersonFriend GROUP BY name HAVING count(*)  =  1,zhengning,48e1a08c-fd46-4863-9665-11fb56f5f496,"CL1, BN1"
20,332,What are the course names for courses taught on MTW?,"select T2.CName from Department as T1 join Course as T2 on T1.DNO = T2.DNO where T1.DName = ""MTW""","SELECT CName FROM COURSE WHERE Days  =  ""MTW""",zhengning,a5fff4bd-a5b1-4779-9738-f4dbca594826,"CF5, CL1, E1"
21,348,What is the number of aircraft?,select count ( * ) from airport_aircraft,SELECT count(*) FROM aircraft,zhengning,f3a88c74-b5f1-45e9-88d5-0400a57317c1,CL1
22,378,What is the number of students playing as a goalie?,"select count ( T1.pPos ) from Tryout as T1 join Player as T2 on T1.pID = T2.pID where T2.pName = ""goalie""",SELECT count(*) FROM tryout WHERE pPos  =  'goalie',zhengning,4af4608c-c733-4d88-aa8a-52603573ab6f,"CF5, E1, BL1"
23,387,Find the states where have some college students in tryout.,select state from College,SELECT DISTINCT state FROM college AS T1 JOIN tryout AS T2 ON T1.cName  =  T2.cName,zhengning,c8954785-0d94-4395-8b6e-f3745ba9df60,"CE2, A1b"
24,388,What are the different states that have students trying out?,select count ( state ) from College,SELECT DISTINCT state FROM college AS T1 JOIN tryout AS T2 ON T1.cName  =  T2.cName,zhengning,19d1f8ff-cdb7-4258-8fc0-9cdaf8afef40,"L4, CE2, A1b"
25,396,"What are the different carriers for devices, listed in alphabetical order?",select Carrier from device order by Device,SELECT Carrier FROM device ORDER BY Carrier ASC,zhengning,5b7cba44-6579-451f-919d-b226d88960ee,"L4, D1c, CL1, BL1, L5, D1, D1a"
26,414,What are the different cities that have more than 100 memberships?,select T1.Hometown from member as T1 join purchase as T2 on T1.Member_ID = T2.Member_ID join branch as T3 on T2.Branch_ID = T3.Branch_ID where T3.City > 100,SELECT DISTINCT city FROM branch WHERE membership_amount  >=  100,zhengning,373ac0b2-ad83-4629-a3eb-c5440ef92458,"CF5, A1b, E1"
27,437,How many dorms have amenities?,select count ( dorm_name ) from Dorm,SELECT count(DISTINCT dormid) FROM has_amenity,zhengning,64f4141e-d0ca-4b2a-89f7-e7543d619fb0,"CL1, BL1, A1b"
28,471,How many different types of sports do we offer?,select count ( GType ) from Video_Games,SELECT count(DISTINCT sportname) FROM Sportsinfo,zhengning,9c9eabf3-9f96-456a-a03d-96035781e184,"CL1, BL1, A1b"
29,472,How many students play sports?,select count ( StuID ) from Plays_Games,SELECT count(DISTINCT StuID) FROM Sportsinfo,zhengning,2d086897-a290-4f9d-8a5a-0bde6719f5ff,"CL1, A1b"
30,474,List ids for all student who are on scholarship.,select StuID from Student,SELECT StuID FROM Sportsinfo WHERE onscholarship  =  'Y',zhengning,9a84b6f7-4180-490f-9c37-06219f75bc00,"CL1, F4"
31,476,How many games are played for all students?,select count ( * ) from Plays_Games,SELECT sum(gamesplayed) FROM Sportsinfo,zhengning,12ba2f87-27ce-4e57-9850-8663d67c9792,"L4, CL1, BL1"
32,477,What is the total number of games played?,select count ( * ) from Plays_Games,SELECT sum(gamesplayed) FROM Sportsinfo,zhengning,5776be3e-1a1a-4fbd-9855-ecc46dae18e7,"L4, CL1, BL1"
33,527,How many train stations are there?,select count ( * ) from train_station,SELECT count(*) FROM station,zhengning,a915defd-2b40-432d-b107-11ef37a3f9f6,CL1
34,541,How many staff live in state Georgia?,"select count ( * ) from Staff as T1 join Addresses as T2 on T1.staff_address_id = T2.address_id where T2.state_province_county = ""Georgia""","SELECT count(*) FROM Addresses WHERE state_province_county = ""Georgia"";",zhengning,5508bb26-db17-41fe-9db4-b61fddf70855,"CL1, E1"
35,561,How many cities are there that have more than 3 airports?,select count ( * ) from airports group by city having count ( * ) > 3,SELECT count(*) FROM (SELECT city FROM airports GROUP BY city HAVING count(*)  >  3),zhengning,c43e73bf-123b-478e-bde8-2170db7d6b12,CL1
36,562,What is the count of cities with more than 3 airports?,select count ( * ) from airports group by city having count ( * ) > 3,SELECT count(*) FROM (SELECT city FROM airports GROUP BY city HAVING count(*)  >  3),zhengning,fd0232e7-5f70-4481-80bc-8b00713e9920,CL1
37,592,"In 1980, how many cars were made?",select count ( * ) from car_names where Make = 1980,SELECT count(*) FROM CARS_DATA WHERE YEAR  =  1980;,zhengning,2fc9d026-c936-4bf8-bb4c-f77251295ae6,"CL1, CF5"
38,631,What are the distinct ages of the heads who are acting?,select age from head,SELECT DISTINCT T1.age FROM management AS T2 JOIN head AS T1 ON T1.head_id  =  T2.head_id WHERE T2.temporary_acting  =  'Yes',zhengning,17eaccd0-273a-4b3e-98ad-b2f1067fecd4,"F4, CL1, CE2, A1b"
39,632,"Which department has more than 1 head at a time? List the id, name and the number of heads.","select T1.Name , T3.name , count ( * ) from department as T1 join management as T2 on T1.Department_ID = T2.department_ID join head as T3 on T2.head_ID = T3.head_ID group by T3.head_ID having count ( * ) > 1","SELECT T1.department_id ,  T1.name ,  count(*) FROM management AS T2 JOIN department AS T1 ON T1.department_id  =  T2.department_id GROUP BY T1.department_id HAVING count(*)  >  1",zhengning,ed2ade0f-48d0-44be-8b4b-4ad4d5b13613,"CL1, BL1, AN2"
40,634,Find the name and level of catalog structure with level between 5 and 10.,"select T1.catalog_name , T2.catalog_level_name from Catalogs as T1 join Catalog_Structure as T2 on T1.catalog_id = T2.catalog_id where T2.catalog_level_number between 5 and 10","SELECT catalog_level_name ,  catalog_level_number FROM Catalog_Structure WHERE catalog_level_number BETWEEN 5 AND 10",zhengning,4f6842da-2561-4b71-a488-446a13c8688d,"E1, CL1"
41,635,What are the name and level of catalog structure with level number between 5 and 10,"select T1.catalog_name , T2.catalog_level_name from Catalogs as T1 join Catalog_Structure as T2 on T1.catalog_id = T2.catalog_id where T2.catalog_level_number between 5 and 10","SELECT catalog_level_name ,  catalog_level_number FROM Catalog_Structure WHERE catalog_level_number BETWEEN 5 AND 10",zhengning,00d19dc0-cfed-47d0-bee8-b122f43d59bf,"E1, CL1"
42,638,Find the names and publication dates of all catalogs that have catalog level number greater than 5.,"select T1.catalog_name , T1.date_of_publication from Catalogs as T1 join Catalog_Structure as T2 on T1.catalog_id = T2.catalog_id where T2.catalog_level_name > 5","SELECT t1.catalog_name ,  t1.date_of_publication FROM catalogs AS t1 JOIN catalog_structure AS t2 ON t1.catalog_id  =  t2.catalog_id WHERE catalog_level_number  >  5",zhengning,41643013-6352-43ae-b025-c2242b900491,CF5
43,648,"Find the names of all the products whose stock number starts with ""2"".",select product_stock_number from Catalog_Contents where product_stock_number like 2%',"SELECT catalog_entry_name FROM catalog_contents WHERE product_stock_number LIKE ""2%""",zhengning,448199bf-2bb7-4575-84d3-5ca078a1f471,"BL1, P3"
44,649,"Which catalog contents have a product stock number that starts from ""2""? Show the catalog entry names.",select catalog_entry_name from Catalog_Contents where product_stock_number like 2,"SELECT catalog_entry_name FROM catalog_contents WHERE product_stock_number LIKE ""2%""",zhengning,5b3ffcba-3aa2-4a0b-a063-f316a1329ed2,P3
45,650,Find the names of catalog entries with level number 8.,select T1.catalog_entry_name from Catalog_Contents as T1 join Catalog_Structure as T2 on T1.catalog_level_number = T2.catalog_level_number where T2.catalog_level_name = 8,"SELECT t1.catalog_entry_name FROM Catalog_Contents AS t1 JOIN Catalog_Contents_Additional_Attributes AS t2 ON t1.catalog_entry_id  =  t2.catalog_entry_id WHERE t2.catalog_level_number  =  ""8""",zhengning,a2740956-792c-4665-85bd-f90a13d5bbfa,CE3
46,651,What are the names of catalog entries with level number 8?,select catalog_entry_name from Catalog_Contents where catalog_level_number = 8,"SELECT t1.catalog_entry_name FROM Catalog_Contents AS t1 JOIN Catalog_Contents_Additional_Attributes AS t2 ON t1.catalog_entry_id  =  t2.catalog_entry_id WHERE t2.catalog_level_number  =  ""8""",zhengning,175084f1-1021-4cbf-8b96-b25601e0aee8,"CL1, CE2"
47,660,"Find the names of all artists that have ""a"" in their names.","select Name from Artist where Name like ""% a %""","SELECT Name FROM ARTIST WHERE Name LIKE ""%a%""",zhengning,ae5d77af-d19f-489e-8ec7-46a41550e14e,P3
48,668,"Find the names of all the tracks that contain the word ""you"".","select Name from Track where Name like ""% you %""",SELECT Name FROM TRACK WHERE Name LIKE '%you%',zhengning,d70eba5e-e2d5-41d4-91a1-b76bdffe7838,P3
49,669,What are the names of tracks that contain the the word you in them?,select Name from Track where Name like 1,SELECT Name FROM TRACK WHERE Name LIKE '%you%',zhengning,eb09802c-2d39-4eb4-b9c9-86f13779ab78,P3
50,672,"Show the album names, ids and the number of tracks for each album.","select T2.Title , T1.AlbumId , count ( * ) from Track as T1 join Album as T2 on T1.AlbumId = T2.AlbumId group by T2.Title","SELECT T1.Title ,  T2.AlbumID ,  COUNT(*) FROM ALBUM AS T1 JOIN TRACK AS T2 ON T1.AlbumId  =  T2.AlbumId GROUP BY T2.AlbumID",zhengning,b55eb153-8481-446c-96a9-24b67578f6ee,"CL1, BN1"
51,673,"What are the names and ids of the different albums, and how many tracks are on each?","select T2.Title , count ( * ) from Track as T1 join Album as T2 on T1.AlbumId = T2.AlbumId group by T2.AlbumId","SELECT T1.Title ,  T2.AlbumID ,  COUNT(*) FROM ALBUM AS T1 JOIN TRACK AS T2 ON T1.AlbumId  =  T2.AlbumId GROUP BY T2.AlbumID",zhengning,6128a879-1ca5-47c0-9e5a-dee9028659d8,"CL1, AN2"
52,677,Find the average unit price of jazz tracks.,"select avg ( T3.UnitPrice ) from Genre as T1 join Track as T2 on T1.GenreId = T2.GenreId join InvoiceLine as T3 on T2.TrackId = T3.TrackId where T1.Name = ""jazz""","SELECT AVG(UnitPrice) FROM GENRE AS T1 JOIN TRACK AS T2 ON T1.GenreId  =  T2.GenreId WHERE T1.Name  =  ""Jazz""",zhengning,b1d5b7ef-6ba9-4319-82a9-b920353243e3,"D1a, CL1, E1"
53,680,"How many customers have email that contains ""gmail.com""?","select count ( * ) from Customer where Email like ""gmail . com %""","SELECT COUNT(*) FROM CUSTOMER WHERE Email LIKE ""%gmail.com%""",zhengning,58ced0b7-5a07-4b4f-b8f7-223a7178b9d3,P3
54,681,"Count the number of customers that have an email containing ""gmail.com"".","select count ( * ) from Customer where Email = ""gmail . com""","SELECT COUNT(*) FROM CUSTOMER WHERE Email LIKE ""%gmail.com%""",zhengning,d4011417-1589-4df4-aca7-e8b94bdd391e,P1
55,684,What city does the employee who helps the customer with postal code 70174 live in?,select City from Employee where PostalCode = 70174,"SELECT T2.City FROM CUSTOMER AS T1 JOIN EMPLOYEE AS T2 ON T1.SupportRepId  =  T2.EmployeeId WHERE T1.PostalCode  =  ""70174""",zhengning,9149c834-9b0e-4564-bd6d-2d6003625329,CE2
56,692,How many tracks are in the AAC audio file media type?,"select count ( * ) from MediaType as T1 join Track as T2 on T1.MediaTypeId = T2.MediaTypeId where T1.Name = ""AAC audio file media""","SELECT COUNT(*) FROM MEDIATYPE AS T1 JOIN TRACK AS T2 ON T1.MediaTypeId  =  T2.MediaTypeId WHERE T1.Name  =  ""AAC audio file""",zhengning,a59004e1-5b55-4434-807e-e1227df19aa0,"CL1, D1"
57,695,What are the first names and support rep ids for employees serving 10 or more customers?,"select T1.FirstName , T2.FirstName , T3.CustomerId from Employee as T1 join Customer as T2 on T1.EmployeeId = T2.SupportRepId join Invoice as T3 on T2.CustomerId = T3.CustomerId group by T1.EmployeeId having count ( T2.CustomerId ) >= 10","SELECT T1.FirstName ,  T1.SupportRepId FROM CUSTOMER AS T1 JOIN EMPLOYEE AS T2 ON T1.SupportRepId  =  T2.EmployeeId GROUP BY T1.SupportRepId HAVING COUNT(*)  >=  10",zhengning,16d11ce8-b350-46a4-9b75-95833770da0e,"O3, BL2, E1, CL1"
58,696,Please show the employee last names that serves no more than 20 customers.,select T1.LastName from Employee as T1 join Customer as T2 on T1.EmployeeId = T2.SupportRepId where T2.LastName < 20 group by T1.LastName having count ( * ) >= 1,SELECT T1.LastName FROM CUSTOMER AS T1 JOIN EMPLOYEE AS T2 ON T1.SupportRepId  =  T2.EmployeeId GROUP BY T1.SupportRepId HAVING COUNT(*)  <=  20,zhengning,3ef57686-2282-415c-be90-98adf8f25723,"O3, F3, CL1"
59,698,What is the average unit price of rock tracks?,"select avg ( T3.UnitPrice ) from Genre as T1 join Track as T2 on T1.GenreId = T2.GenreId join InvoiceLine as T3 on T2.TrackId = T3.TrackId where T1.Name = ""rock""","SELECT AVG(T2.UnitPrice) FROM GENRE AS T1 JOIN TRACK AS T2 ON T1.GenreId  =  T2.GenreId WHERE T1.Name  =  ""Rock""",zhengning,d7986848-35a3-4e48-94da-6be370ce6462,"D1a, E1, CL1"
60,708,What is the id and trade name of the medicines can interact with at least 3 enzymes?,"select T3.id , T2.name from medicine_enzyme_interaction as T1 join medicine as T2 on T1.medicine_id = T2.id join enzyme as T3 on T1.enzyme_id = T3.id group by T1.medicine_id having count ( * ) >= 3","SELECT T1.id ,  T1.trade_name FROM medicine AS T1 JOIN medicine_enzyme_interaction AS T2 ON T2.medicine_id  =  T1.id GROUP BY T1.id HAVING COUNT(*)  >=  3",zhengning,140d1be2-4f97-4ebb-acce-e722e7fd63b5,"BN1, E1, CL1"
61,709,What are the ids and trade names of the medicine that can interact with at least 3 enzymes?,"select T1.medicine_id , T2.name from medicine_enzyme_interaction as T1 join medicine as T2 on T1.medicine_id = T2.id group by T1.medicine_id having count ( * ) >= 3","SELECT T1.id ,  T1.trade_name FROM medicine AS T1 JOIN medicine_enzyme_interaction AS T2 ON T2.medicine_id  =  T1.id GROUP BY T1.id HAVING COUNT(*)  >=  3",zhengning,4e6a7252-b942-4d8b-951e-1f214ba58c93,"BN1, CL1"
62,712,"Which enzyme names have the substring ""ALA""?","select name from enzyme where name like ""% ALA %""","SELECT name FROM enzyme WHERE name LIKE ""%ALA%""",zhengning,308aa7a6-c2cf-4301-aa7c-c5d397d859fe,P3
63,725,What are the all games score and location of the school called Clemson?,"select Location , School from university where Nickname = ""Clemson""","SELECT t2.All_Games ,  t1.location FROM university AS t1 JOIN basketball_match AS t2 ON t1.school_id  =  t2.school_id WHERE team_name  =  'Clemson'",zhengning,9cb8c300-2675-4a52-82ea-8a6276ddcfed,"BF4, CE2, CL1"
64,735,How many universities have a location that contains NY?,"select count ( * ) from university where Location like ""% ny %""","SELECT count(*) FROM university WHERE LOCATION LIKE ""%NY%""",zhengning,f1b89f8c-21fd-44cd-97b8-5bb441f32e66,P3
65,740,List all country and league names.,"select country_id , name from League","SELECT T1.name ,  T2.name FROM Country AS T1 JOIN League AS T2 ON T1.id  =  T2.country_id",zhengning,dd8d8939-ec96-494d-ac41-f850051b92cf,"CE2, CL1"
66,741,How many leagues are there in England?,"select count ( * ) from sqlite_sequence as T1 join League as T2 where T1.seq = ""England""","SELECT count(*) FROM Country AS T1 JOIN League AS T2 ON T1.id  =  T2.country_id WHERE T1.name  =  ""England""",zhengning,066c8866-7154-4455-b659-381076a28296,"F4, CL1"
67,744,List the names of all left-footed players who have overall rating between 85 and 90.,select T2.player_name from Player_Attributes as T1 join Player as T2 on T1.player_fifa_api_id = T2.player_fifa_api_id where T1.overall_rating between 85 and 90,"SELECT DISTINCT T1.player_name FROM Player AS T1 JOIN Player_Attributes AS T2 ON T1.player_api_id = T2.player_api_id WHERE T2.preferred_foot  =  ""left"" AND T2.overall_rating  >=  85 AND T2.overall_rating  <=  90",zhengning,c91d35ae-1d88-4a18-a19d-3d9ba3a4614a,"CE2, A1b"
68,759,"Find all the policy type codes associated with the customer ""Dayana Robel""","select T1.Policy_Type_Code from Policies as T1 join Claim_Headers as T2 on T1.Policy_ID = T2.Policy_ID where T2.Claim_Type_Code = ""Dayana Robel""","SELECT policy_type_code FROM policies AS t1 JOIN customers AS t2 ON t1.customer_id  =  t2.customer_id WHERE t2.customer_details  =  ""Dayana Robel""",zhengning,9f0aba5a-f751-488b-a57f-8cfa9f6e9d35,"CE3, BF4"
69,760,"What are the type codes of the policies used by the customer ""Dayana Robel""?","select Policy_Type_Code from Policies where Customer_ID = ""Dayana Robel""","SELECT policy_type_code FROM policies AS t1 JOIN customers AS t2 ON t1.customer_id  =  t2.customer_id WHERE t2.customer_details  =  ""Dayana Robel""",zhengning,912e34fd-bd02-4798-bb5e-7df8f5efc76a,"CF5, D1, CE2"
70,763,"Find the names of customers whose name contains ""Diana"".","select Customer_Details from Customers where like ""% Diana %""","SELECT customer_details FROM customers WHERE customer_details LIKE ""%Diana%""",zhengning,9c872d09-6cf0-42fd-9633-23387b05c13e,P3
71,765,Find the names of the customers who have an deputy policy.,select Customer_ID from Policies where Policy_Type_Code = 'deputy',"SELECT DISTINCT t2.customer_details FROM policies AS t1 JOIN customers AS t2 ON t1.customer_id  =  t2.customer_id WHERE t1.policy_type_code  =  ""Deputy""",zhengning,6b4c9327-5cfb-4708-bf61-a17a1e0ab63e,"CE2, A1b"
72,775,"Show the unique first names, last names, and phone numbers for all customers with any account.","select customer_first_name , customer_last_name , phone_number from Customers","SELECT DISTINCT T1.customer_first_name ,  T1.customer_last_name ,  T1.phone_number FROM Customers AS T1 JOIN Accounts AS T2 ON T1.customer_id  =  T2.customer_id",zhengning,77d0056e-c4c5-486a-a4d8-506c41967fb4,"CE2, A1b"
73,790,"Return the average, minimum, maximum, and total transaction amounts.","select avg ( T1.transaction_amount ) , min ( T6.product_quantity ) , max ( T1.transaction_amount ) from Financial_Transactions as T1 join Accounts as T2 on T1.account_id = T2.account_id join Customers as T3 on T2.customer_id = T3.customer_id join Orders as T4 on T3.customer_id = T4.customer_id join Order_Items as T5 on T4.order_id = T5.order_id join Invoice_Line_Items as T6 on T5.order_item_id = T6.order_item_id","SELECT avg(transaction_amount) ,  min(transaction_amount) ,  max(transaction_amount) ,   sum(transaction_amount) FROM Financial_transactions",zhengning,acf86ba8-fa45-4a7b-bfc6-89466cdce9d1,"E1, CL1"
74,794,"Return the names and ids of each account, as well as the number of transactions.","select T1.account_name , T2.account_id , count ( * ) from Accounts as T1 join Financial_Transactions as T2 on T1.account_id = T2.account_id group by T1.account_name","SELECT T2.account_name ,  T1.account_id ,  count(*) FROM Financial_transactions AS T1 JOIN Accounts AS T2 ON T1.account_id  =  T2.account_id GROUP BY T1.account_id",zhengning,67b090b3-90d0-462d-a60a-e39e748a14fb,"BN1, CL1"
75,804,Return the order ids and details for orderes with two or more invoices.,"select T1.order_id , T2.order_details from Invoices as T1 join Orders as T2 on T1.order_id = T2.order_id group by T1.order_id having count ( * ) >= 2","SELECT T2.order_id ,  T2.order_details FROM Invoices AS T1 JOIN Orders AS T2 ON T1.order_id  =  T2.order_id GROUP BY T2.order_id HAVING count(*)  >  2",zhengning,50fa50aa-c662-4fdb-9043-316c81aceaad,"BK1, CL1"
76,809,Show the product ids and the number of unique orders containing each product.,"select T2.product_id , count ( T1.product_id ) from Invoice_Line_Items as T1 join Order_Items as T2 on T1.order_item_id = T2.order_item_id group by T2.product_id","SELECT product_id ,  count(DISTINCT order_id) FROM Order_items GROUP BY product_id",zhengning,261e811c-a9e1-4ace-84fe-6c6fabae0fc3,"E1, A1b, CL1"
77,810,How many distinct order ids correspond to each product?,"select count ( T2.product_id ) , T1.product_id from Invoice_Line_Items as T1 join Order_Items as T2 on T1.order_item_id = T2.order_item_id group by T2.product_id","SELECT product_id ,  count(DISTINCT order_id) FROM Order_items GROUP BY product_id",zhengning,50597a64-bd4a-456f-9c79-5fa239cb1cce,"E1, CL1"
78,811,Show order ids and the number of products in each order.,"select T2.order_id , count ( * ) from Invoice_Line_Items as T1 join Order_Items as T2 on T1.order_item_id = T2.order_item_id group by T1.product_id","SELECT order_id ,  count(DISTINCT product_id) FROM Order_items GROUP BY order_id",zhengning,b44ee27e-beb8-449b-920c-4569782191bf,"E1, CL1, A1b"
79,812,How many different products correspond to each order id?,"select count ( T2.product_id ) , T1.product_id from Invoice_Line_Items as T1 join Order_Items as T2 on T1.order_item_id = T2.order_item_id group by T2.product_id","SELECT order_id ,  count(DISTINCT product_id) FROM Order_items GROUP BY order_id",zhengning,9bdecfe6-06f7-48ca-9705-f2f5f70b8d81,"E1, A1b, CL1"
80,863,What is the role of the employee named Koby?,"select role_code from Employees where employee_name = ""Koby""","SELECT T1.role_description FROM ROLES AS T1 JOIN Employees AS T2 ON T1.role_code = T2.role_code WHERE T2.employee_name = ""Koby"";",zhengning,0b33753d-7580-4a72-8abe-5896fe5e7ea1,"CL1, CE2"
81,866,List roles that have more than one employee. List the role description and number of employees.,"select role_description , count ( * ) from Roles group by role_description having count ( * ) > 1","SELECT Roles.role_description , count(Employees.employee_id) FROM ROLES JOIN Employees ON Employees.role_code = Roles.role_code GROUP BY Employees.role_code HAVING count(Employees.employee_id)  >  1;",zhengning,f26aa361-8d19-4c53-80d1-99ff4306500f,"O3, BL1, CE2"
82,867,What is the document status description of the document with id 1?,select document_status_description from Ref_Document_Status where document_status_code = 1,SELECT Ref_Document_Status.document_status_description FROM Ref_Document_Status JOIN Documents ON Documents.document_status_code = Ref_Document_Status.document_status_code WHERE Documents.document_id = 1;,zhengning,a86631ec-6c7b-4ff5-a103-afd3f2cc3d86,"BF4, CE2"
83,869,What is the name of the shipping agent of the document with id 2?,select shipping_agent_name from Ref_Shipping_Agents where shipping_agent_code = 2,SELECT Ref_Shipping_Agents.shipping_agent_name FROM Ref_Shipping_Agents JOIN Documents ON Documents.shipping_agent_code = Ref_Shipping_Agents.shipping_agent_code WHERE Documents.document_id = 2;,zhengning,efeaf07e-8d08-438a-8529-71a84faa7e6f,"CF5, CE2"
84,870,How many documents were shipped by USPS?,"select count ( * ) from Documents where shipping_agent_code = ""USPS""","SELECT count(*) FROM Ref_Shipping_Agents JOIN Documents ON Documents.shipping_agent_code = Ref_Shipping_Agents.shipping_agent_code WHERE Ref_Shipping_Agents.shipping_agent_name = ""USPS"";",zhengning,b7650679-da39-4c89-a8f7-06661d6cee3e,"CL1, CE2"
85,871,What address was the document with id 4 mailed to?,select mailed_to_address_id from Documents_Mailed where document_id = 4,SELECT Addresses.address_details FROM Addresses JOIN Documents_Mailed ON Documents_Mailed.mailed_to_address_id = Addresses.address_id WHERE document_id = 4;,zhengning,14cbddcb-3e31-4eed-979c-07828906bd84,"CL1, CE2"
86,874,"For each document, list the number of employees who have showed up in the circulation history of that document. List the document ids and number of employees.","select count ( * ) , T2.employee_id from Employees as T1 join Circulation_History as T2 on T1.employee_id = T2.employee_id group by T2.employee_id , count () >= 1","SELECT document_id ,  count(DISTINCT employee_id) FROM Circulation_History GROUP BY document_id;",zhengning,b399092f-d5db-4c22-bb06-2ec6ebf5ee96,"E1, CL1"
87,876,What are the ids and details of events that have more than one participants?,"select T3.Event_ID , T1.Participant_Details from Participants as T1 join Participants_in_Events as T2 on T1.Participant_ID = T2.Participant_ID join Events as T3 on T2.Event_ID = T3.Event_ID group by T2.Participant_ID having count ( * ) > 1","SELECT T1.event_id ,  T1.event_details FROM EVENTS AS T1 JOIN Participants_in_Events AS T2 ON T1.Event_ID  =  T2.Event_ID GROUP BY T1.Event_ID HAVING count(*)  >  1",zhengning,78d2c9cd-2209-4f1e-aec1-f2f9fb78e0e7,"BN1, BE5, BL1, CL1"
88,893,"What are the names of entrepreneurs and their corresponding investors, ordered descending by the amount of money requested?","select Investor , Money_Requested from entrepreneur order by Money_Requested desc","SELECT T2.Name ,  T1.Company FROM entrepreneur AS T1 JOIN people AS T2 ON T1.People_ID  =  T2.People_ID ORDER BY T1.Money_Requested",zhengning,77d12442-a04c-4fa7-86d8-4235343451f9,"K2, BL1, CE2"
89,895,"What are the names of perpetrators whose country is not ""China""?","select Country from perpetrator where Country != ""China""","SELECT T1.Name FROM people AS T1 JOIN perpetrator AS T2 ON T1.People_ID  =  T2.People_ID WHERE T2.Country != ""China""",zhengning,3838bf2d-c537-43e2-8265-4b4e154f3e7d,"CE2, CL1"
90,900,List the names of perpetrators in descending order of the year.,select Year from perpetrator order by Year desc,SELECT T1.Name FROM people AS T1 JOIN perpetrator AS T2 ON T1.People_ID  =  T2.People_ID ORDER BY T2.Year DESC,zhengning,1da93e8f-b4d9-4cdf-a433-184edcb50514,"CL1, CE2"
91,915,Find the name of the candidates whose oppose percentage is the lowest for each sex.,"select T1.Name , T1.Sex , T2.Oppose_rate from people as T1 join candidate as T2 on T1.People_ID = T2.People_ID group by T1.Sex","SELECT t1.name ,  t1.sex ,  min(oppose_rate) FROM people AS t1 JOIN candidate AS t2 ON t1.people_id  =  t2.people_id GROUP BY t1.sex",zhengning,415b240b-aac4-4062-a896-9037362d471a,CL1
92,916,"For each sex, what is the name and sex of the candidate with the oppose rate for their sex?","select T1.Sex , T1.Name , T2.Oppose_rate from people as T1 join candidate as T2 on T1.People_ID = T2.People_ID","SELECT t1.name ,  t1.sex ,  min(oppose_rate) FROM people AS t1 JOIN candidate AS t2 ON t1.people_id  =  t2.people_id GROUP BY t1.sex",zhengning,015e62e0-e4ad-4471-8c4a-f3e6a61086ef,"AN2, CL1"
93,940,"For each delegate, find the names of the party they are part of.",select Delegate from election,"SELECT T1.Delegate ,  T2.Party FROM election AS T1 JOIN party AS T2 ON T1.Party  =  T2.Party_ID",zhengning,a20ac277-5d26-42b3-92e8-411c8d229f82,"BL3, CE2"
94,942,Find the parties associated with the delegates from district 1. Who served as governors of the parties?,select Party from party where Governor = 1,SELECT T2.Governor FROM election AS T1 JOIN party AS T2 ON T1.Party  =  T2.Party_ID WHERE T1.District  =  1,zhengning,6f6524c9-70a8-4701-bba5-664f72853bf8,"CF5, BL1, CE2"
95,947,Show the name of each party and the corresponding number of delegates from that party.,"select Party , count ( * ) from party group by Party","SELECT T2.Party ,  COUNT(*) FROM election AS T1 JOIN party AS T2 ON T1.Party  =  T2.Party_ID GROUP BY T1.Party",zhengning,ce92a830-3258-4c5f-9d9e-f944fd40d552,"BN1, CL1, CE2"
96,948,"For each party, return the name of the party and the number of delegates from that party.","select Party , count ( * ) from party group by Party","SELECT T2.Party ,  COUNT(*) FROM election AS T1 JOIN party AS T2 ON T1.Party  =  T2.Party_ID GROUP BY T1.Party",zhengning,39873303-f577-4a8e-9082-cbe5d84ab790,"BN1, CL1, CE2"
97,953,Show the names of counties that have at least two delegates.,select County_name from county group by County_name having count ( * ) >= 2,SELECT T1.County_name FROM county AS T1 JOIN election AS T2 ON T1.County_id  =  T2.District GROUP BY T1.County_id HAVING COUNT(*)  >=  2,zhengning,45024eac-8fe7-4bad-9aa1-ef873430d1df,CE2
98,954,Which counties have two or more delegates? Give me the county names.,select County_name from county group by County_name having count ( * ) >= 2,SELECT T1.County_name FROM county AS T1 JOIN election AS T2 ON T1.County_id  =  T2.District GROUP BY T1.County_id HAVING COUNT(*)  >=  2,zhengning,44f8c353-0d14-471c-bbc3-40094cccdffa,CE2
99,971,Find the branch name of the bank that has the most number of customers.,select cust_name from customer group by branch_ID order by count ( * ) desc limit 1,SELECT bname FROM bank ORDER BY no_of_customers DESC LIMIT 1,zhengning,4356848c-1690-4399-afeb-260f6864d82a,"BK1, CL1, N3"
100,972,What is the name of the bank branch with the greatest number of customers?,select T1.cust_name from customer as T1 join bank as T2 on T1.branch_ID = T2.branch_ID group by T2.no_of_customers order by count ( * ) desc limit 1,SELECT bname FROM bank ORDER BY no_of_customers DESC LIMIT 1,zhengning,691d9a93-adb4-4ba3-ba5d-33b9e1bda5b2,"E1, CL1, N3"
101,981,Find the total amount of loans offered by each bank branch.,"select sum ( T2.amount ) , T1.branch_ID from customer as T1 join loan as T2 on T1.cust_ID = T2.cust_ID group by T2.branch_ID","SELECT sum(amount) ,  T1.bname FROM bank AS T1 JOIN loan AS T2 ON T1.branch_id  =  T2.branch_id GROUP BY T1.bname",zhengning,604f84e0-17b5-4740-842b-49ade5e8c419,"BN1, BE5, CL1"
102,987,Find the name and credit score of the customers who have some loans.,"select cust_name , credit_score from customer","SELECT DISTINCT T1.cust_name ,  T1.credit_score FROM customer AS T1 JOIN loan AS T2 ON T1.cust_id  =  T2.cust_id",zhengning,7b669e9e-0b91-4bab-8b4c-13a98d1fc5c9,"CE2, A1b"
103,991,Find the city and name of bank branches that provide business loans.,"select T2.city , T1.branch_ID from loan as T1 join bank as T2 on T1.branch_ID = T2.branch_ID","SELECT T1.bname ,  T1.city FROM bank AS T1 JOIN loan AS T2 ON T1.branch_id  =  T2.branch_id WHERE T2.loan_type  =  'Business'",zhengning,d6386425-48af-4d97-a245-06c820866cea,"F4, BL1, CL1"
104,992,What are the names and cities of bank branches that offer loans for business?,"select city , city from bank","SELECT T1.bname ,  T1.city FROM bank AS T1 JOIN loan AS T2 ON T1.branch_id  =  T2.branch_id WHERE T2.loan_type  =  'Business'",zhengning,13ab4434-640c-43d4-9017-b51637280d87,"F4, BL3, BL2, CE2"
105,996,How many assets does each third party company supply? List the count and the company id.,select count ( * ) from Asset_Parts as T1 join Assets as T2 on T1.asset_id = T2.asset_id group by T2.supplier_company_id,"SELECT count(*) ,  T1.company_id FROM Third_Party_Companies AS T1 JOIN Assets AS T2 ON T1.company_id  =  T2.supplier_company_id GROUP BY T1.company_id",zhengning,d0ab8804-5211-4659-9781-80c2562512e9,"BL3, BN1, CL1, BE5"
106,997,Which parts have more than 2 faults? Show the part name and id.,"select T1.part_name , T2.part_id from Parts as T1 join Part_Faults as T2 on T1.part_id = T2.part_id join Fault_Log_Parts as T3 on T2.part_fault_id = T3.part_fault_id group by Fault_Log_T1.part_fault_id having count ( * ) > 2","SELECT T1.part_name ,  T1.part_id FROM Parts AS T1 JOIN Part_Faults AS T2 ON T1.part_id  =  T2.part_id GROUP BY T1.part_id HAVING count(*)  >  2",zhengning,992fe1a5-2fff-4938-a243-42d8c3333c4a,"E1, CL1"
107,999,"For all the faults of different parts, what are all the decriptions of the skills required to fix them? List the name of the faults and the skill description.","select T1.part_name , T2.fault_description from Parts as T1 join Part_Faults as T2 on T1.part_id = T2.part_id","SELECT T1.fault_short_name ,  T3.skill_description FROM Part_Faults AS T1 JOIN Skills_Required_To_Fix AS T2 ON T1.part_fault_id  =  T2.part_fault_id JOIN Skills AS T3 ON T2.skill_id  =  T3.skill_id",zhengning,2bd34552-7792-4179-b9dc-018a30f1b8b6,"CE2, CL1"
108,1011,How many trains have 'Express' in their names?,"select count ( * ) from train where name like ""% Express %""","SELECT count(*) FROM train WHERE name LIKE ""%Express%""",zhengning,3c9c29cf-a7aa-47d1-8a92-ee1a789fdb08,P3
109,1014,"Find the number of trains for each station, as well as the station network name and services.","select T3.name , T1.network_name , T1.services from station as T1 join route as T2 on T1.id = T2.station_id join train as T3 on T2.train_id = T3.id group by T1.network_name","SELECT count(*) ,  t1.network_name ,  t1.services FROM station AS t1 JOIN route AS t2 ON t1.id  =  t2.station_id GROUP BY t2.station_id",zhengning,5e0940d0-521f-4e57-aaa7-eaac803a14dd,"L5, BN1, E1, CL1"
110,1016,Find the id and local authority of the station whose maximum precipitation is higher than 50.,"select T1.station_id , T2.local_authority from weekly_weather as T1 join station as T2 on T1.station_id = T2.id where T1.precipitation > 50","SELECT t2.id ,  t2.local_authority FROM weekly_weather AS t1 JOIN station AS t2 ON t1.station_id  =  t2.id GROUP BY t1.station_id HAVING max(t1.precipitation)  >  50",zhengning,5d6913ad-c0f5-4fbd-a0d4-6b7e8e53a3d1,"A1f, AN2, CL1"
111,1036,What is the id of the longest song?,select f_id from song order by releasedate desc limit 1,SELECT f_id FROM files ORDER BY duration DESC LIMIT 1,zhengning,fc9c4193-37dd-4771-acfc-6c788ccbf7f7,"BK1, CL1"
112,1037,Find the id of the song that lasts the longest.,select f_id from song order by limit 1 ( song_name ) desc,SELECT f_id FROM files ORDER BY duration DESC LIMIT 1,zhengning,81825323-b8a5-4849-b229-ed17dfc3b700,"BK1, CL1"
113,1038,List the name and country of origin for all singers who have produced songs with rating above 9.,"select country , country from song where rating > 9","SELECT DISTINCT T1.artist_name ,  T1.country FROM artist AS T1 JOIN song AS T2 ON T1.artist_name  =  T2.artist_name WHERE T2.rating  >  9",zhengning,ae2b9913-9c2d-4076-b9ef-79c36aeb7ad8,"BL3, BL2, CL1, CE2, A1b"
114,1039,What are the different names and countries of origins for all artists whose song ratings are above 9?,"select T1.country , T2.country from artist as T1 join song as T2 on T1.artist_name = T2.artist_name where T2.rating > 9","SELECT DISTINCT T1.artist_name ,  T1.country FROM artist AS T1 JOIN song AS T2 ON T1.artist_name  =  T2.artist_name WHERE T2.rating  >  9",zhengning,c394d90a-6a5e-4487-b0ae-a27ea8dc7e59,"CL1, A1b"
115,1042,How many songs have 4 minute duration?,select count ( T2.song_name ) from files as T1 join song as T2 on T1.f_id = T2.f_id where T1.duration = 4,"SELECT count(*) FROM files WHERE duration LIKE ""4:%""",zhengning,80ed2dae-cec1-4625-9e44-b7e2ace04a0d,"E1, BL1, P1"
116,1043,What is the count of the songs that last approximately 4 minutes?,select count ( * ) from song where song_name = 4,"SELECT count(*) FROM files WHERE duration LIKE ""4:%""",zhengning,46de713b-648e-4dd8-83fb-ddbc65c592b3,"CL1, CF5, P1"
117,193,What is the total number of customers who use banks in New York City?,"select count ( * ) from customer as T1 join bank as T2 on T1.branch_ID = T2.branch_ID where T2.city = ""New York""",SELECT sum(no_of_customers) FROM bank WHERE city  =  'New York City',zhengning,de42bd95-1e5f-4a68-b545-9d70403dc474,"L4, D1c, E1"
118,206,How many distinct types of accounts are there?,select count ( acc_type ) from customer,SELECT count(DISTINCT acc_type) FROM customer,zhengning,0b661b70-0749-4ec0-baa5-370c6f240309,A1b
119,391,How many states that have some college students playing in the mid position but not in the goalie position.,select count ( T2.state ) from Tryout as T1 join College as T2 on T1.cName = T2.cName where T1.pPos = 'mid' except select T4.state from Tryout as T3 join College as T4 on T3.cName = T4.cName where T3.pPos = 'goalie',SELECT COUNT(*) FROM (SELECT T1.state FROM college AS T1 JOIN tryout AS T2 ON T1.cName  =  T2.cName WHERE T2.pPos  =  'mid' EXCEPT SELECT T1.state FROM college AS T1 JOIN tryout AS T2 ON T1.cName  =  T2.cName WHERE T2.pPos  =  'goalie'),zhengning,5202109f-8a20-46b4-bade-6deef5cecde9,"A1d, BL1"
120,392,What is the count of states with college students playing in the mid position but not as goalies?,"select count ( T2.state ) from Tryout as T1 join College as T2 on T1.cName = T2.cName where T1.pPos = ' and T1.cName = ""goalies""",SELECT COUNT(*) FROM (SELECT T1.state FROM college AS T1 JOIN tryout AS T2 ON T1.cName  =  T2.cName WHERE T2.pPos  =  'mid' EXCEPT SELECT T1.state FROM college AS T1 JOIN tryout AS T2 ON T1.cName  =  T2.cName WHERE T2.pPos  =  'goalie'),zhengning,989f2710-7479-43a4-aeec-15966ffdf9a0,"A1d, BL1"
121,413,Show all distinct city where branches with at least 100 memberships are located.,select T2.City from membership_register_branch as T1 join branch as T2 on T1.Branch_ID = T2.Branch_ID group by T1.Branch_ID having count ( * ) >= 100,SELECT DISTINCT city FROM branch WHERE membership_amount  >=  100,zhengning,59021a67-461b-4a96-a41a-23edea390deb,"F4, E1, A1b"
122,441,What are the different dorm amenity names in alphabetical order?,select T3.amenity_name from Dorm as T1 join Has_amenity as T2 on T1.dormid = T2.dormid join Dorm_amenity as T3 on T2.amenid = T3.amenid order by T1.dorm_name,SELECT amenity_name FROM dorm_amenity ORDER BY amenity_name,zhengning,16f52ef1-3ecf-4c2c-91a7-d9410b777a6c,"BK1, E1"
123,499,Find the last name of the individuals that have been contact individuals of an organization.,select T1.individual_last_name from Individuals as T1 join Organization_Contact_Individuals as T2 on T1.individual_id = T2.individual_id join Organizations as T3 on T2.organization_id = T3.organization_id where T3.organization_name = 1,SELECT DISTINCT t1.individual_last_name FROM individuals AS t1 JOIN organization_contact_individuals AS t2 ON t1.individual_id  =  t2.individual_id,zhengning,2b5b8619-f483-4aee-9978-ab8efb5f7379,"F3, A1b, E1"
124,500,What are the last names of individuals who have been contact individuals for an organization?,select individual_last_name from Individuals,SELECT DISTINCT t1.individual_last_name FROM individuals AS t1 JOIN organization_contact_individuals AS t2 ON t1.individual_id  =  t2.individual_id,zhengning,ffaba5c2-d19a-4472-b778-64bcfccb544b,"A1b, E1"
125,569,Find the ids of orders which are shipped after 2000-01-01.,"select T2.order_id from Orders as T1 join Shipments as T2 on T1.order_id = T2.order_id where T1.date_order_placed > ""2000 - 01 - 01""","SELECT order_id FROM shipments WHERE shipment_date > ""2000-01-01""",zhengning,16f9c6e0-3bb6-4a5b-bcdf-32f395ce06e6,"D1, E1"
126,883,Return the names of entrepreneurs do no not have the investor Rachel Elnaugh.,"select Name from people except select Investor from entrepreneur where Investor > ""Rachel Elnaugh""","SELECT T2.Name FROM entrepreneur AS T1 JOIN people AS T2 ON T1.People_ID  =  T2.People_ID WHERE T1.Investor != ""Rachel Elnaugh""",zhengning,e69db962-94d4-4dff-8fba-34a599d09207,"F1, A1a, A2c"